sample_id,category,image_path
air_conditioner_filter_000,air_conditioner_filter,air_conditioner_filter/train/good/000.png
air_conditioner_filter_001,air_conditioner_filter,air_conditioner_filter/train/good/001.png
air_conditioner_filter_002,air_conditioner_filter,air_conditioner_filter/train/good/002.png
air_conditioner_filter_003,air_conditioner_filter,air_conditioner_filter/train/good/003.png
air_conditioner_filter_004,air_conditioner_filter,air_conditioner_filter/train/good/004.png
air_conditioner_filter_005,air_conditioner_filter,air_conditioner_filter/train/good/005.png
air_conditioner_filter_006,air_conditioner_filter,air_conditioner_filter/train/good/006.png
air_conditioner_filter_007,air_conditioner_filter,air_conditioner_filter/train/good/007.png
air_conditioner_filter_008,air_conditioner_filter,air_conditioner_filter/train/good/008.png
air_conditioner_filter_009,air_conditioner_filter,air_conditioner_filter/train/good/009.png
air_conditioner_filter_010,air_conditioner_filter,air_conditioner_filter/train/good/010.png
air_conditioner_filter_011,air_conditioner_filter,air_conditioner_filter/train/good/011.png
air_conditioner_filter_012,air_conditioner_filter,air_conditioner_filter/train/good/012.png
air_conditioner_filter_013,air_conditioner_filter,air_conditioner_filter/train/good/013.png
air_conditioner_filter_014,air_conditioner_filter,air_conditioner_filter/train/good/014.png
air_conditioner_filter_015,air_conditioner_filter,air_conditioner_filter/train/good/015.png
air_conditioner_filter_016,air_conditioner_filter,air_conditioner_filter/train/good/016.png
air_conditioner_filter_017,air_conditioner_filter,air_conditioner_filter/train/good/017.png
air_conditioner_filter_018,air_conditioner_filter,air_conditioner_filter/train/good/018.png
air_conditioner_filter_019,air_conditioner_filter,air_conditioner_filter/train/good/019.png
air_conditioner_filter_020,air_conditioner_filter,air_conditioner_filter/train/good/020.png
air_conditioner_filter_021,air_conditioner_filter,air_conditioner_filter/train/good/021.png
air_conditioner_filter_022,air_conditioner_filter,air_conditioner_filter/train/good/022.png
air_conditioner_filter_023,air_conditioner_filter,air_conditioner_filter/train/good/023.png
air_conditioner_filter_024,air_conditioner_filter,air_conditioner_filter/train/good/024.png
air_conditioner_filter_025,air_conditioner_filter,air_conditioner_filter/train/good/025.png
air_conditioner_filter_026,air_conditioner_filter,air_conditioner_filter/train/good/026.png
air_conditioner_filter_027,air_conditioner_filter,air_conditioner_filter/train/good/027.png
air_conditioner_filter_028,air_conditioner_filter,air_conditioner_filter/train/good/028.png
air_conditioner_filter_029,air_conditioner_filter,air_conditioner_filter/train/good/029.png
air_conditioner_filter_030,air_conditioner_filter,air_conditioner_filter/train/good/030.png
air_conditioner_filter_031,air_conditioner_filter,air_conditioner_filter/train/good/031.png
air_conditioner_filter_032,air_conditioner_filter,air_conditioner_filter/train/good/032.png
air_conditioner_filter_033,air_conditioner_filter,air_conditioner_filter/train/good/033.png
air_conditioner_filter_034,air_conditioner_filter,air_conditioner_filter/train/good/034.png
air_conditioner_filter_035,air_conditioner_filter,air_conditioner_filter/train/good/035.png
air_conditioner_filter_036,air_conditioner_filter,air_conditioner_filter/train/good/036.png
air_conditioner_filter_037,air_conditioner_filter,air_conditioner_filter/train/good/037.png
air_conditioner_filter_038,air_conditioner_filter,air_conditioner_filter/train/good/038.png
air_conditioner_filter_039,air_conditioner_filter,air_conditioner_filter/train/good/039.png
air_conditioner_filter_040,air_conditioner_filter,air_conditioner_filter/train/good/040.png
air_conditioner_filter_041,air_conditioner_filter,air_conditioner_filter/train/good/041.png
air_conditioner_filter_042,air_conditioner_filter,air_conditioner_filter/train/good/042.png
air_conditioner_filter_043,air_conditioner_filter,air_conditioner_filter/train/good/043.png
air_conditioner_filter_044,air_conditioner_filter,air_conditioner_filter/train/good/044.png
air_conditioner_filter_045,air_conditioner_filter,air_conditioner_filter/train/good/045.png
air_conditioner_filter_046,air_conditioner_filter,air_conditioner_filter/train/good/046.png
air_conditioner_filter_047,air_conditioner_filter,air_conditioner_filter/train/good/047.png
air_conditioner_filter_048,air_conditioner_filter,air_conditioner_filter/train/good/048.png
air_conditioner_filter_049,air_conditioner_filter,air_conditioner_filter/train/good/049.png
air_conditioner_filter_050,air_conditioner_filter,air_conditioner_filter/train/good/050.png
air_conditioner_filter_051,air_conditioner_filter,air_conditioner_filter/train/good/051.png
air_conditioner_filter_052,air_conditioner_filter,air_conditioner_filter/train/good/052.png
air_conditioner_filter_053,air_conditioner_filter,air_conditioner_filter/train/good/053.png
air_conditioner_filter_054,air_conditioner_filter,air_conditioner_filter/train/good/054.png
air_conditioner_filter_055,air_conditioner_filter,air_conditioner_filter/train/good/055.png
air_conditioner_filter_056,air_conditioner_filter,air_conditioner_filter/train/good/056.png
air_conditioner_filter_057,air_conditioner_filter,air_conditioner_filter/train/good/057.png
air_conditioner_filter_058,air_conditioner_filter,air_conditioner_filter/train/good/058.png
air_conditioner_filter_059,air_conditioner_filter,air_conditioner_filter/train/good/059.png
air_conditioner_filter_060,air_conditioner_filter,air_conditioner_filter/train/good/060.png
air_conditioner_filter_061,air_conditioner_filter,air_conditioner_filter/train/good/061.png
air_conditioner_filter_062,air_conditioner_filter,air_conditioner_filter/train/good/062.png
air_conditioner_filter_063,air_conditioner_filter,air_conditioner_filter/train/good/063.png
air_conditioner_filter_064,air_conditioner_filter,air_conditioner_filter/train/good/064.png
air_conditioner_filter_065,air_conditioner_filter,air_conditioner_filter/train/good/065.png
air_conditioner_filter_066,air_conditioner_filter,air_conditioner_filter/train/good/066.png
air_conditioner_filter_067,air_conditioner_filter,air_conditioner_filter/train/good/067.png
air_conditioner_filter_068,air_conditioner_filter,air_conditioner_filter/train/good/068.png
air_conditioner_filter_069,air_conditioner_filter,air_conditioner_filter/train/good/069.png
air_conditioner_filter_070,air_conditioner_filter,air_conditioner_filter/train/good/070.png
air_conditioner_filter_071,air_conditioner_filter,air_conditioner_filter/train/good/071.png
air_conditioner_filter_072,air_conditioner_filter,air_conditioner_filter/train/good/072.png
air_conditioner_filter_073,air_conditioner_filter,air_conditioner_filter/train/good/073.png
air_conditioner_filter_074,air_conditioner_filter,air_conditioner_filter/train/good/074.png
air_conditioner_filter_075,air_conditioner_filter,air_conditioner_filter/train/good/075.png
air_conditioner_filter_076,air_conditioner_filter,air_conditioner_filter/train/good/076.png
air_conditioner_filter_077,air_conditioner_filter,air_conditioner_filter/train/good/077.png
air_conditioner_filter_078,air_conditioner_filter,air_conditioner_filter/train/good/078.png
air_conditioner_filter_079,air_conditioner_filter,air_conditioner_filter/train/good/079.png
air_conditioner_filter_080,air_conditioner_filter,air_conditioner_filter/train/good/080.png
air_conditioner_filter_081,air_conditioner_filter,air_conditioner_filter/train/good/081.png
air_conditioner_filter_082,air_conditioner_filter,air_conditioner_filter/train/good/082.png
air_conditioner_filter_083,air_conditioner_filter,air_conditioner_filter/train/good/083.png
air_conditioner_filter_084,air_conditioner_filter,air_conditioner_filter/train/good/084.png
air_conditioner_filter_085,air_conditioner_filter,air_conditioner_filter/train/good/085.png
air_conditioner_filter_086,air_conditioner_filter,air_conditioner_filter/train/good/086.png
air_conditioner_filter_087,air_conditioner_filter,air_conditioner_filter/train/good/087.png
air_conditioner_filter_088,air_conditioner_filter,air_conditioner_filter/train/good/088.png
air_conditioner_filter_089,air_conditioner_filter,air_conditioner_filter/train/good/089.png
air_conditioner_filter_090,air_conditioner_filter,air_conditioner_filter/train/good/090.png
air_conditioner_filter_091,air_conditioner_filter,air_conditioner_filter/train/good/091.png
air_conditioner_filter_092,air_conditioner_filter,air_conditioner_filter/train/good/092.png
air_conditioner_filter_093,air_conditioner_filter,air_conditioner_filter/train/good/093.png
air_conditioner_filter_094,air_conditioner_filter,air_conditioner_filter/train/good/094.png
air_conditioner_filter_095,air_conditioner_filter,air_conditioner_filter/train/good/095.png
air_conditioner_filter_096,air_conditioner_filter,air_conditioner_filter/train/good/096.png
air_conditioner_filter_097,air_conditioner_filter,air_conditioner_filter/train/good/097.png
air_conditioner_filter_098,air_conditioner_filter,air_conditioner_filter/train/good/098.png
air_conditioner_filter_099,air_conditioner_filter,air_conditioner_filter/train/good/099.png
air_conditioner_filter_100,air_conditioner_filter,air_conditioner_filter/train/good/100.png
air_conditioner_filter_101,air_conditioner_filter,air_conditioner_filter/train/good/101.png
air_conditioner_filter_102,air_conditioner_filter,air_conditioner_filter/train/good/102.png
air_conditioner_filter_103,air_conditioner_filter,air_conditioner_filter/train/good/103.png
air_conditioner_filter_104,air_conditioner_filter,air_conditioner_filter/train/good/104.png
air_conditioner_filter_105,air_conditioner_filter,air_conditioner_filter/train/good/105.png
air_conditioner_filter_106,air_conditioner_filter,air_conditioner_filter/train/good/106.png
air_conditioner_filter_107,air_conditioner_filter,air_conditioner_filter/train/good/107.png
air_conditioner_filter_108,air_conditioner_filter,air_conditioner_filter/train/good/108.png
air_conditioner_filter_109,air_conditioner_filter,air_conditioner_filter/train/good/109.png
air_conditioner_filter_110,air_conditioner_filter,air_conditioner_filter/train/good/110.png
air_conditioner_filter_111,air_conditioner_filter,air_conditioner_filter/train/good/111.png
air_conditioner_filter_112,air_conditioner_filter,air_conditioner_filter/train/good/112.png
air_conditioner_filter_113,air_conditioner_filter,air_conditioner_filter/train/good/113.png
air_conditioner_filter_114,air_conditioner_filter,air_conditioner_filter/train/good/114.png
air_conditioner_filter_115,air_conditioner_filter,air_conditioner_filter/train/good/115.png
air_conditioner_filter_116,air_conditioner_filter,air_conditioner_filter/train/good/116.png
air_conditioner_filter_117,air_conditioner_filter,air_conditioner_filter/train/good/117.png
air_conditioner_filter_118,air_conditioner_filter,air_conditioner_filter/train/good/118.png
air_conditioner_filter_119,air_conditioner_filter,air_conditioner_filter/train/good/119.png
air_conditioner_filter_120,air_conditioner_filter,air_conditioner_filter/train/good/120.png
air_conditioner_filter_121,air_conditioner_filter,air_conditioner_filter/train/good/121.png
air_conditioner_filter_122,air_conditioner_filter,air_conditioner_filter/train/good/122.png
air_conditioner_filter_123,air_conditioner_filter,air_conditioner_filter/train/good/123.png
air_conditioner_filter_124,air_conditioner_filter,air_conditioner_filter/train/good/124.png
air_conditioner_filter_125,air_conditioner_filter,air_conditioner_filter/train/good/125.png
air_conditioner_filter_126,air_conditioner_filter,air_conditioner_filter/train/good/126.png
air_conditioner_filter_127,air_conditioner_filter,air_conditioner_filter/train/good/127.png
air_conditioner_filter_128,air_conditioner_filter,air_conditioner_filter/train/good/128.png
air_conditioner_filter_129,air_conditioner_filter,air_conditioner_filter/train/good/129.png
air_conditioner_filter_130,air_conditioner_filter,air_conditioner_filter/train/good/130.png
air_conditioner_filter_131,air_conditioner_filter,air_conditioner_filter/train/good/131.png
air_conditioner_filter_132,air_conditioner_filter,air_conditioner_filter/train/good/132.png
air_conditioner_filter_133,air_conditioner_filter,air_conditioner_filter/train/good/133.png
air_conditioner_filter_134,air_conditioner_filter,air_conditioner_filter/train/good/134.png
air_conditioner_filter_135,air_conditioner_filter,air_conditioner_filter/train/good/135.png
air_conditioner_filter_136,air_conditioner_filter,air_conditioner_filter/train/good/136.png
air_conditioner_filter_137,air_conditioner_filter,air_conditioner_filter/train/good/137.png
air_conditioner_filter_138,air_conditioner_filter,air_conditioner_filter/train/good/138.png
air_conditioner_filter_139,air_conditioner_filter,air_conditioner_filter/train/good/139.png
air_conditioner_filter_140,air_conditioner_filter,air_conditioner_filter/train/good/140.png
air_conditioner_filter_141,air_conditioner_filter,air_conditioner_filter/train/good/141.png
air_conditioner_filter_142,air_conditioner_filter,air_conditioner_filter/train/good/142.png
air_conditioner_filter_143,air_conditioner_filter,air_conditioner_filter/train/good/143.png
air_conditioner_filter_144,air_conditioner_filter,air_conditioner_filter/train/good/144.png
air_conditioner_filter_145,air_conditioner_filter,air_conditioner_filter/train/good/145.png
air_conditioner_filter_146,air_conditioner_filter,air_conditioner_filter/train/good/146.png
air_conditioner_filter_147,air_conditioner_filter,air_conditioner_filter/train/good/147.png
air_conditioner_filter_148,air_conditioner_filter,air_conditioner_filter/train/good/148.png
air_conditioner_filter_149,air_conditioner_filter,air_conditioner_filter/train/good/149.png
air_conditioner_filter_150,air_conditioner_filter,air_conditioner_filter/train/good/150.png
air_conditioner_filter_151,air_conditioner_filter,air_conditioner_filter/train/good/151.png
air_conditioner_filter_152,air_conditioner_filter,air_conditioner_filter/train/good/152.png
air_conditioner_filter_153,air_conditioner_filter,air_conditioner_filter/train/good/153.png
air_conditioner_filter_154,air_conditioner_filter,air_conditioner_filter/train/good/154.png
air_conditioner_filter_155,air_conditioner_filter,air_conditioner_filter/train/good/155.png
air_conditioner_filter_156,air_conditioner_filter,air_conditioner_filter/train/good/156.png
air_conditioner_filter_157,air_conditioner_filter,air_conditioner_filter/train/good/157.png
air_conditioner_filter_158,air_conditioner_filter,air_conditioner_filter/train/good/158.png
air_conditioner_filter_159,air_conditioner_filter,air_conditioner_filter/train/good/159.png
air_conditioner_filter_160,air_conditioner_filter,air_conditioner_filter/train/good/160.png
air_conditioner_filter_161,air_conditioner_filter,air_conditioner_filter/train/good/161.png
air_conditioner_filter_162,air_conditioner_filter,air_conditioner_filter/train/good/162.png
air_conditioner_filter_163,air_conditioner_filter,air_conditioner_filter/train/good/163.png
air_conditioner_filter_164,air_conditioner_filter,air_conditioner_filter/train/good/164.png
air_conditioner_filter_165,air_conditioner_filter,air_conditioner_filter/train/good/165.png
air_conditioner_filter_166,air_conditioner_filter,air_conditioner_filter/train/good/166.png
air_conditioner_filter_167,air_conditioner_filter,air_conditioner_filter/train/good/167.png
air_conditioner_filter_168,air_conditioner_filter,air_conditioner_filter/train/good/168.png
air_conditioner_filter_169,air_conditioner_filter,air_conditioner_filter/train/good/169.png
air_conditioner_filter_170,air_conditioner_filter,air_conditioner_filter/train/good/170.png
air_conditioner_filter_171,air_conditioner_filter,air_conditioner_filter/train/good/171.png
air_conditioner_filter_172,air_conditioner_filter,air_conditioner_filter/train/good/172.png
air_conditioner_filter_173,air_conditioner_filter,air_conditioner_filter/train/good/173.png
air_conditioner_filter_174,air_conditioner_filter,air_conditioner_filter/train/good/174.png
air_conditioner_filter_175,air_conditioner_filter,air_conditioner_filter/train/good/175.png
air_conditioner_filter_176,air_conditioner_filter,air_conditioner_filter/train/good/176.png
air_conditioner_filter_177,air_conditioner_filter,air_conditioner_filter/train/good/177.png
air_conditioner_filter_178,air_conditioner_filter,air_conditioner_filter/train/good/178.png
air_conditioner_filter_179,air_conditioner_filter,air_conditioner_filter/train/good/179.png
air_conditioner_filter_180,air_conditioner_filter,air_conditioner_filter/train/good/180.png
air_conditioner_filter_181,air_conditioner_filter,air_conditioner_filter/train/good/181.png
air_conditioner_filter_182,air_conditioner_filter,air_conditioner_filter/train/good/182.png
air_conditioner_filter_183,air_conditioner_filter,air_conditioner_filter/train/good/183.png
air_conditioner_filter_184,air_conditioner_filter,air_conditioner_filter/train/good/184.png
air_conditioner_filter_185,air_conditioner_filter,air_conditioner_filter/train/good/185.png
air_conditioner_filter_186,air_conditioner_filter,air_conditioner_filter/train/good/186.png
air_conditioner_filter_187,air_conditioner_filter,air_conditioner_filter/train/good/187.png
air_conditioner_filter_188,air_conditioner_filter,air_conditioner_filter/train/good/188.png
air_conditioner_filter_189,air_conditioner_filter,air_conditioner_filter/train/good/189.png
air_conditioner_filter_190,air_conditioner_filter,air_conditioner_filter/train/good/190.png
air_conditioner_filter_191,air_conditioner_filter,air_conditioner_filter/train/good/191.png
air_conditioner_filter_192,air_conditioner_filter,air_conditioner_filter/train/good/192.png
air_conditioner_filter_193,air_conditioner_filter,air_conditioner_filter/train/good/193.png
air_conditioner_filter_194,air_conditioner_filter,air_conditioner_filter/train/good/194.png
air_conditioner_filter_195,air_conditioner_filter,air_conditioner_filter/train/good/195.png
air_conditioner_filter_196,air_conditioner_filter,air_conditioner_filter/train/good/196.png
air_conditioner_filter_197,air_conditioner_filter,air_conditioner_filter/train/good/197.png
air_conditioner_filter_198,air_conditioner_filter,air_conditioner_filter/train/good/198.png
air_conditioner_filter_199,air_conditioner_filter,air_conditioner_filter/train/good/199.png
air_conditioner_filter_200,air_conditioner_filter,air_conditioner_filter/train/good/200.png
air_conditioner_filter_201,air_conditioner_filter,air_conditioner_filter/train/good/201.png
air_conditioner_filter_202,air_conditioner_filter,air_conditioner_filter/train/good/202.png
air_conditioner_filter_203,air_conditioner_filter,air_conditioner_filter/train/good/203.png
air_conditioner_filter_204,air_conditioner_filter,air_conditioner_filter/train/good/204.png
air_conditioner_filter_205,air_conditioner_filter,air_conditioner_filter/train/good/205.png
air_conditioner_filter_206,air_conditioner_filter,air_conditioner_filter/train/good/206.png
air_conditioner_filter_207,air_conditioner_filter,air_conditioner_filter/train/good/207.png
air_conditioner_filter_208,air_conditioner_filter,air_conditioner_filter/train/good/208.png
air_conditioner_filter_209,air_conditioner_filter,air_conditioner_filter/train/good/209.png
air_conditioner_filter_210,air_conditioner_filter,air_conditioner_filter/train/good/210.png
air_conditioner_filter_211,air_conditioner_filter,air_conditioner_filter/train/good/211.png
air_conditioner_filter_212,air_conditioner_filter,air_conditioner_filter/train/good/212.png
air_conditioner_filter_213,air_conditioner_filter,air_conditioner_filter/train/good/213.png
air_conditioner_filter_214,air_conditioner_filter,air_conditioner_filter/train/good/214.png
air_conditioner_filter_215,air_conditioner_filter,air_conditioner_filter/train/good/215.png
air_conditioner_filter_216,air_conditioner_filter,air_conditioner_filter/train/good/216.png
air_conditioner_filter_217,air_conditioner_filter,air_conditioner_filter/train/good/217.png
air_conditioner_filter_218,air_conditioner_filter,air_conditioner_filter/train/good/218.png
air_conditioner_filter_219,air_conditioner_filter,air_conditioner_filter/train/good/219.png
air_conditioner_filter_220,air_conditioner_filter,air_conditioner_filter/train/good/220.png
air_conditioner_filter_221,air_conditioner_filter,air_conditioner_filter/train/good/221.png
air_conditioner_filter_222,air_conditioner_filter,air_conditioner_filter/train/good/222.png
air_conditioner_filter_223,air_conditioner_filter,air_conditioner_filter/train/good/223.png
air_conditioner_filter_224,air_conditioner_filter,air_conditioner_filter/train/good/224.png
air_conditioner_filter_225,air_conditioner_filter,air_conditioner_filter/train/good/225.png
air_conditioner_filter_226,air_conditioner_filter,air_conditioner_filter/train/good/226.png
air_conditioner_filter_227,air_conditioner_filter,air_conditioner_filter/train/good/227.png
air_conditioner_filter_228,air_conditioner_filter,air_conditioner_filter/train/good/228.png
air_conditioner_filter_229,air_conditioner_filter,air_conditioner_filter/train/good/229.png
battery_piece_000,battery_piece,battery_piece/train/good/000.png
battery_piece_001,battery_piece,battery_piece/train/good/001.png
battery_piece_002,battery_piece,battery_piece/train/good/002.png
battery_piece_003,battery_piece,battery_piece/train/good/003.png
battery_piece_004,battery_piece,battery_piece/train/good/004.png
battery_piece_005,battery_piece,battery_piece/train/good/005.png
battery_piece_006,battery_piece,battery_piece/train/good/006.png
battery_piece_007,battery_piece,battery_piece/train/good/007.png
battery_piece_008,battery_piece,battery_piece/train/good/008.png
battery_piece_009,battery_piece,battery_piece/train/good/009.png
battery_piece_010,battery_piece,battery_piece/train/good/010.png
battery_piece_011,battery_piece,battery_piece/train/good/011.png
battery_piece_012,battery_piece,battery_piece/train/good/012.png
battery_piece_013,battery_piece,battery_piece/train/good/013.png
battery_piece_014,battery_piece,battery_piece/train/good/014.png
battery_piece_015,battery_piece,battery_piece/train/good/015.png
battery_piece_016,battery_piece,battery_piece/train/good/016.png
battery_piece_017,battery_piece,battery_piece/train/good/017.png
battery_piece_018,battery_piece,battery_piece/train/good/018.png
battery_piece_019,battery_piece,battery_piece/train/good/019.png
battery_piece_020,battery_piece,battery_piece/train/good/020.png
battery_piece_021,battery_piece,battery_piece/train/good/021.png
battery_piece_022,battery_piece,battery_piece/train/good/022.png
battery_piece_023,battery_piece,battery_piece/train/good/023.png
battery_piece_024,battery_piece,battery_piece/train/good/024.png
battery_piece_025,battery_piece,battery_piece/train/good/025.png
battery_piece_026,battery_piece,battery_piece/train/good/026.png
battery_piece_027,battery_piece,battery_piece/train/good/027.png
battery_piece_028,battery_piece,battery_piece/train/good/028.png
battery_piece_029,battery_piece,battery_piece/train/good/029.png
battery_piece_030,battery_piece,battery_piece/train/good/030.png
battery_piece_031,battery_piece,battery_piece/train/good/031.png
battery_piece_032,battery_piece,battery_piece/train/good/032.png
battery_piece_033,battery_piece,battery_piece/train/good/033.png
battery_piece_034,battery_piece,battery_piece/train/good/034.png
battery_piece_035,battery_piece,battery_piece/train/good/035.png
battery_piece_036,battery_piece,battery_piece/train/good/036.png
battery_piece_037,battery_piece,battery_piece/train/good/037.png
battery_piece_038,battery_piece,battery_piece/train/good/038.png
battery_piece_039,battery_piece,battery_piece/train/good/039.png
battery_piece_040,battery_piece,battery_piece/train/good/040.png
battery_piece_041,battery_piece,battery_piece/train/good/041.png
battery_piece_042,battery_piece,battery_piece/train/good/042.png
battery_piece_043,battery_piece,battery_piece/train/good/043.png
battery_piece_044,battery_piece,battery_piece/train/good/044.png
battery_piece_045,battery_piece,battery_piece/train/good/045.png
battery_piece_046,battery_piece,battery_piece/train/good/046.png
battery_piece_047,battery_piece,battery_piece/train/good/047.png
battery_piece_048,battery_piece,battery_piece/train/good/048.png
battery_piece_049,battery_piece,battery_piece/train/good/049.png
battery_piece_050,battery_piece,battery_piece/train/good/050.png
battery_piece_051,battery_piece,battery_piece/train/good/051.png
battery_piece_052,battery_piece,battery_piece/train/good/052.png
battery_piece_053,battery_piece,battery_piece/train/good/053.png
battery_piece_054,battery_piece,battery_piece/train/good/054.png
battery_piece_055,battery_piece,battery_piece/train/good/055.png
battery_piece_056,battery_piece,battery_piece/train/good/056.png
battery_piece_057,battery_piece,battery_piece/train/good/057.png
battery_piece_058,battery_piece,battery_piece/train/good/058.png
battery_piece_059,battery_piece,battery_piece/train/good/059.png
battery_piece_060,battery_piece,battery_piece/train/good/060.png
battery_piece_061,battery_piece,battery_piece/train/good/061.png
battery_piece_062,battery_piece,battery_piece/train/good/062.png
battery_piece_063,battery_piece,battery_piece/train/good/063.png
battery_piece_064,battery_piece,battery_piece/train/good/064.png
battery_piece_065,battery_piece,battery_piece/train/good/065.png
battery_piece_066,battery_piece,battery_piece/train/good/066.png
battery_piece_067,battery_piece,battery_piece/train/good/067.png
battery_piece_068,battery_piece,battery_piece/train/good/068.png
battery_piece_069,battery_piece,battery_piece/train/good/069.png
battery_piece_070,battery_piece,battery_piece/train/good/070.png
battery_piece_071,battery_piece,battery_piece/train/good/071.png
battery_piece_072,battery_piece,battery_piece/train/good/072.png
battery_piece_073,battery_piece,battery_piece/train/good/073.png
battery_piece_074,battery_piece,battery_piece/train/good/074.png
battery_piece_075,battery_piece,battery_piece/train/good/075.png
battery_piece_076,battery_piece,battery_piece/train/good/076.png
battery_piece_077,battery_piece,battery_piece/train/good/077.png
battery_piece_078,battery_piece,battery_piece/train/good/078.png
battery_piece_079,battery_piece,battery_piece/train/good/079.png
battery_piece_080,battery_piece,battery_piece/train/good/080.png
battery_piece_081,battery_piece,battery_piece/train/good/081.png
battery_piece_082,battery_piece,battery_piece/train/good/082.png
battery_piece_083,battery_piece,battery_piece/train/good/083.png
battery_piece_084,battery_piece,battery_piece/train/good/084.png
battery_piece_085,battery_piece,battery_piece/train/good/085.png
battery_piece_086,battery_piece,battery_piece/train/good/086.png
battery_piece_087,battery_piece,battery_piece/train/good/087.png
battery_piece_088,battery_piece,battery_piece/train/good/088.png
battery_piece_089,battery_piece,battery_piece/train/good/089.png
battery_piece_090,battery_piece,battery_piece/train/good/090.png
battery_piece_091,battery_piece,battery_piece/train/good/091.png
battery_piece_092,battery_piece,battery_piece/train/good/092.png
battery_piece_093,battery_piece,battery_piece/train/good/093.png
battery_piece_094,battery_piece,battery_piece/train/good/094.png
battery_piece_095,battery_piece,battery_piece/train/good/095.png
battery_piece_096,battery_piece,battery_piece/train/good/096.png
battery_piece_097,battery_piece,battery_piece/train/good/097.png
battery_piece_098,battery_piece,battery_piece/train/good/098.png
battery_piece_099,battery_piece,battery_piece/train/good/099.png
battery_piece_100,battery_piece,battery_piece/train/good/100.png
battery_piece_101,battery_piece,battery_piece/train/good/101.png
battery_piece_102,battery_piece,battery_piece/train/good/102.png
battery_piece_103,battery_piece,battery_piece/train/good/103.png
battery_piece_104,battery_piece,battery_piece/train/good/104.png
battery_piece_105,battery_piece,battery_piece/train/good/105.png
battery_tab2_000,battery_tab2,battery_tab2/train/good/000.png
battery_tab2_001,battery_tab2,battery_tab2/train/good/001.png
battery_tab2_002,battery_tab2,battery_tab2/train/good/002.png
battery_tab2_003,battery_tab2,battery_tab2/train/good/003.png
battery_tab2_004,battery_tab2,battery_tab2/train/good/004.png
battery_tab2_005,battery_tab2,battery_tab2/train/good/005.png
battery_tab2_006,battery_tab2,battery_tab2/train/good/006.png
battery_tab2_007,battery_tab2,battery_tab2/train/good/007.png
battery_tab2_008,battery_tab2,battery_tab2/train/good/008.png
battery_tab2_009,battery_tab2,battery_tab2/train/good/009.png
battery_tab2_010,battery_tab2,battery_tab2/train/good/010.png
battery_tab2_011,battery_tab2,battery_tab2/train/good/011.png
battery_tab2_012,battery_tab2,battery_tab2/train/good/012.png
battery_tab2_013,battery_tab2,battery_tab2/train/good/013.png
battery_tab2_014,battery_tab2,battery_tab2/train/good/014.png
battery_tab2_015,battery_tab2,battery_tab2/train/good/015.png
battery_tab2_016,battery_tab2,battery_tab2/train/good/016.png
battery_tab2_017,battery_tab2,battery_tab2/train/good/017.png
battery_tab2_018,battery_tab2,battery_tab2/train/good/018.png
battery_tab2_019,battery_tab2,battery_tab2/train/good/019.png
battery_tab2_020,battery_tab2,battery_tab2/train/good/020.png
battery_tab2_021,battery_tab2,battery_tab2/train/good/021.png
battery_tab2_022,battery_tab2,battery_tab2/train/good/022.png
battery_tab2_023,battery_tab2,battery_tab2/train/good/023.png
battery_tab2_024,battery_tab2,battery_tab2/train/good/024.png
battery_tab2_025,battery_tab2,battery_tab2/train/good/025.png
battery_tab2_026,battery_tab2,battery_tab2/train/good/026.png
battery_tab2_027,battery_tab2,battery_tab2/train/good/027.png
battery_tab2_028,battery_tab2,battery_tab2/train/good/028.png
battery_tab2_029,battery_tab2,battery_tab2/train/good/029.png
battery_tab2_030,battery_tab2,battery_tab2/train/good/030.png
battery_tab2_031,battery_tab2,battery_tab2/train/good/031.png
battery_tab2_032,battery_tab2,battery_tab2/train/good/032.png
battery_tab2_033,battery_tab2,battery_tab2/train/good/033.png
battery_tab2_034,battery_tab2,battery_tab2/train/good/034.png
battery_tab2_035,battery_tab2,battery_tab2/train/good/035.png
battery_tab2_036,battery_tab2,battery_tab2/train/good/036.png
battery_tab2_037,battery_tab2,battery_tab2/train/good/037.png
battery_tab2_038,battery_tab2,battery_tab2/train/good/038.png
battery_tab2_039,battery_tab2,battery_tab2/train/good/039.png
battery_tab2_040,battery_tab2,battery_tab2/train/good/040.png
battery_tab2_041,battery_tab2,battery_tab2/train/good/041.png
battery_tab2_042,battery_tab2,battery_tab2/train/good/042.png
battery_tab2_043,battery_tab2,battery_tab2/train/good/043.png
battery_tab2_044,battery_tab2,battery_tab2/train/good/044.png
battery_tab2_045,battery_tab2,battery_tab2/train/good/045.png
battery_tab2_046,battery_tab2,battery_tab2/train/good/046.png
battery_tab2_047,battery_tab2,battery_tab2/train/good/047.png
battery_tab2_048,battery_tab2,battery_tab2/train/good/048.png
battery_tab2_049,battery_tab2,battery_tab2/train/good/049.png
battery_tab2_050,battery_tab2,battery_tab2/train/good/050.png
battery_tab2_051,battery_tab2,battery_tab2/train/good/051.png
battery_tab2_052,battery_tab2,battery_tab2/train/good/052.png
battery_tab2_053,battery_tab2,battery_tab2/train/good/053.png
battery_tab2_054,battery_tab2,battery_tab2/train/good/054.png
battery_tab2_055,battery_tab2,battery_tab2/train/good/055.png
battery_tab2_056,battery_tab2,battery_tab2/train/good/056.png
battery_tab2_057,battery_tab2,battery_tab2/train/good/057.png
battery_tab2_058,battery_tab2,battery_tab2/train/good/058.png
battery_tab2_059,battery_tab2,battery_tab2/train/good/059.png
battery_tab2_060,battery_tab2,battery_tab2/train/good/060.png
battery_tab2_061,battery_tab2,battery_tab2/train/good/061.png
battery_tab2_062,battery_tab2,battery_tab2/train/good/062.png
battery_tab2_063,battery_tab2,battery_tab2/train/good/063.png
battery_tab2_064,battery_tab2,battery_tab2/train/good/064.png
battery_tab2_065,battery_tab2,battery_tab2/train/good/065.png
battery_tab2_066,battery_tab2,battery_tab2/train/good/066.png
battery_tab2_067,battery_tab2,battery_tab2/train/good/067.png
battery_tab2_068,battery_tab2,battery_tab2/train/good/068.png
battery_tab2_069,battery_tab2,battery_tab2/train/good/069.png
battery_tab2_070,battery_tab2,battery_tab2/train/good/070.png
battery_tab2_071,battery_tab2,battery_tab2/train/good/071.png
battery_tab2_072,battery_tab2,battery_tab2/train/good/072.png
battery_tab2_073,battery_tab2,battery_tab2/train/good/073.png
battery_tab2_074,battery_tab2,battery_tab2/train/good/074.png
battery_tab2_075,battery_tab2,battery_tab2/train/good/075.png
battery_tab2_076,battery_tab2,battery_tab2/train/good/076.png
battery_tab2_077,battery_tab2,battery_tab2/train/good/077.png
battery_tab2_078,battery_tab2,battery_tab2/train/good/078.png
battery_tab2_079,battery_tab2,battery_tab2/train/good/079.png
battery_tab2_080,battery_tab2,battery_tab2/train/good/080.png
battery_tab2_081,battery_tab2,battery_tab2/train/good/081.png
battery_tab2_082,battery_tab2,battery_tab2/train/good/082.png
battery_tab2_083,battery_tab2,battery_tab2/train/good/083.png
battery_tab2_084,battery_tab2,battery_tab2/train/good/084.png
battery_tab2_085,battery_tab2,battery_tab2/train/good/085.png
battery_tab2_086,battery_tab2,battery_tab2/train/good/086.png
battery_tab2_087,battery_tab2,battery_tab2/train/good/087.png
button1_000,button1,button1/train/good/000.png
button1_001,button1,button1/train/good/001.png
button1_002,button1,button1/train/good/002.png
button1_003,button1,button1/train/good/003.png
button1_004,button1,button1/train/good/004.png
button1_005,button1,button1/train/good/005.png
button1_006,button1,button1/train/good/006.png
button1_007,button1,button1/train/good/007.png
button1_008,button1,button1/train/good/008.png
button1_009,button1,button1/train/good/009.png
button1_010,button1,button1/train/good/010.png
button1_011,button1,button1/train/good/011.png
button1_012,button1,button1/train/good/012.png
button1_013,button1,button1/train/good/013.png
button1_014,button1,button1/train/good/014.png
button1_015,button1,button1/train/good/015.png
button1_016,button1,button1/train/good/016.png
button1_017,button1,button1/train/good/017.png
button1_018,button1,button1/train/good/018.png
button1_019,button1,button1/train/good/019.png
button1_020,button1,button1/train/good/020.png
button1_021,button1,button1/train/good/021.png
button1_022,button1,button1/train/good/022.png
button1_023,button1,button1/train/good/023.png
button1_024,button1,button1/train/good/024.png
button1_025,button1,button1/train/good/025.png
button1_026,button1,button1/train/good/026.png
button1_027,button1,button1/train/good/027.png
button1_028,button1,button1/train/good/028.png
button1_029,button1,button1/train/good/029.png
button1_030,button1,button1/train/good/030.png
button1_031,button1,button1/train/good/031.png
button1_032,button1,button1/train/good/032.png
button1_033,button1,button1/train/good/033.png
button1_034,button1,button1/train/good/034.png
button1_035,button1,button1/train/good/035.png
button1_036,button1,button1/train/good/036.png
button1_037,button1,button1/train/good/037.png
button1_038,button1,button1/train/good/038.png
button1_039,button1,button1/train/good/039.png
button1_040,button1,button1/train/good/040.png
button1_041,button1,button1/train/good/041.png
button1_042,button1,button1/train/good/042.png
button1_043,button1,button1/train/good/043.png
button1_044,button1,button1/train/good/044.png
button1_045,button1,button1/train/good/045.png
button1_046,button1,button1/train/good/046.png
button1_047,button1,button1/train/good/047.png
button1_048,button1,button1/train/good/048.png
button1_049,button1,button1/train/good/049.png
button1_050,button1,button1/train/good/050.png
capacitor1_000,capacitor1,capacitor1/train/good/000.png
capacitor1_001,capacitor1,capacitor1/train/good/001.png
capacitor1_002,capacitor1,capacitor1/train/good/002.png
capacitor1_003,capacitor1,capacitor1/train/good/003.png
capacitor1_004,capacitor1,capacitor1/train/good/004.png
capacitor1_005,capacitor1,capacitor1/train/good/005.png
capacitor1_006,capacitor1,capacitor1/train/good/006.png
capacitor1_007,capacitor1,capacitor1/train/good/007.png
capacitor1_008,capacitor1,capacitor1/train/good/008.png
capacitor1_009,capacitor1,capacitor1/train/good/009.png
capacitor1_010,capacitor1,capacitor1/train/good/010.png
capacitor1_011,capacitor1,capacitor1/train/good/011.png
capacitor1_012,capacitor1,capacitor1/train/good/012.png
capacitor1_013,capacitor1,capacitor1/train/good/013.png
capacitor1_014,capacitor1,capacitor1/train/good/014.png
capacitor1_015,capacitor1,capacitor1/train/good/015.png
capacitor1_016,capacitor1,capacitor1/train/good/016.png
capacitor1_017,capacitor1,capacitor1/train/good/017.png
capacitor1_018,capacitor1,capacitor1/train/good/018.png
capacitor1_019,capacitor1,capacitor1/train/good/019.png
capacitor1_020,capacitor1,capacitor1/train/good/020.png
capacitor1_021,capacitor1,capacitor1/train/good/021.png
capacitor1_022,capacitor1,capacitor1/train/good/022.png
capacitor1_023,capacitor1,capacitor1/train/good/023.png
capacitor1_024,capacitor1,capacitor1/train/good/024.png
capacitor1_025,capacitor1,capacitor1/train/good/025.png
capacitor1_026,capacitor1,capacitor1/train/good/026.png
capacitor1_027,capacitor1,capacitor1/train/good/027.png
capacitor1_028,capacitor1,capacitor1/train/good/028.png
capacitor1_029,capacitor1,capacitor1/train/good/029.png
capacitor1_030,capacitor1,capacitor1/train/good/030.png
capacitor1_031,capacitor1,capacitor1/train/good/031.png
capacitor1_032,capacitor1,capacitor1/train/good/032.png
capacitor1_033,capacitor1,capacitor1/train/good/033.png
capacitor1_034,capacitor1,capacitor1/train/good/034.png
capacitor1_035,capacitor1,capacitor1/train/good/035.png
capacitor1_036,capacitor1,capacitor1/train/good/036.png
capacitor1_037,capacitor1,capacitor1/train/good/037.png
capacitor1_038,capacitor1,capacitor1/train/good/038.png
capacitor1_039,capacitor1,capacitor1/train/good/039.png
capacitor1_040,capacitor1,capacitor1/train/good/040.png
capacitor1_041,capacitor1,capacitor1/train/good/041.png
capacitor1_042,capacitor1,capacitor1/train/good/042.png
capacitor1_043,capacitor1,capacitor1/train/good/043.png
capacitor1_044,capacitor1,capacitor1/train/good/044.png
capacitor1_045,capacitor1,capacitor1/train/good/045.png
capacitor1_046,capacitor1,capacitor1/train/good/046.png
capacitor1_047,capacitor1,capacitor1/train/good/047.png
capacitor1_048,capacitor1,capacitor1/train/good/048.png
capacitor1_049,capacitor1,capacitor1/train/good/049.png
capacitor1_050,capacitor1,capacitor1/train/good/050.png
capacitor1_051,capacitor1,capacitor1/train/good/051.png
capacitor1_052,capacitor1,capacitor1/train/good/052.png
capacitor1_053,capacitor1,capacitor1/train/good/053.png
capacitor1_054,capacitor1,capacitor1/train/good/054.png
capacitor1_055,capacitor1,capacitor1/train/good/055.png
capacitor1_056,capacitor1,capacitor1/train/good/056.png
capacitor1_057,capacitor1,capacitor1/train/good/057.png
capacitor1_058,capacitor1,capacitor1/train/good/058.png
capacitor3_000,capacitor3,capacitor3/train/good/000.png
capacitor3_001,capacitor3,capacitor3/train/good/001.png
capacitor3_002,capacitor3,capacitor3/train/good/002.png
capacitor3_003,capacitor3,capacitor3/train/good/003.png
capacitor3_004,capacitor3,capacitor3/train/good/004.png
capacitor3_005,capacitor3,capacitor3/train/good/005.png
capacitor3_006,capacitor3,capacitor3/train/good/006.png
capacitor3_007,capacitor3,capacitor3/train/good/007.png
capacitor3_008,capacitor3,capacitor3/train/good/008.png
capacitor3_009,capacitor3,capacitor3/train/good/009.png
capacitor3_010,capacitor3,capacitor3/train/good/010.png
capacitor3_011,capacitor3,capacitor3/train/good/011.png
capacitor3_012,capacitor3,capacitor3/train/good/012.png
capacitor3_013,capacitor3,capacitor3/train/good/013.png
capacitor3_014,capacitor3,capacitor3/train/good/014.png
capacitor3_015,capacitor3,capacitor3/train/good/015.png
capacitor3_016,capacitor3,capacitor3/train/good/016.png
capacitor3_017,capacitor3,capacitor3/train/good/017.png
capacitor3_018,capacitor3,capacitor3/train/good/018.png
capacitor3_019,capacitor3,capacitor3/train/good/019.png
capacitor3_020,capacitor3,capacitor3/train/good/020.png
capacitor3_021,capacitor3,capacitor3/train/good/021.png
capacitor3_022,capacitor3,capacitor3/train/good/022.png
capacitor3_023,capacitor3,capacitor3/train/good/023.png
capacitor3_024,capacitor3,capacitor3/train/good/024.png
capacitor3_025,capacitor3,capacitor3/train/good/025.png
capacitor3_026,capacitor3,capacitor3/train/good/026.png
capacitor3_027,capacitor3,capacitor3/train/good/027.png
capacitor3_028,capacitor3,capacitor3/train/good/028.png
capacitor3_029,capacitor3,capacitor3/train/good/029.png
capacitor3_030,capacitor3,capacitor3/train/good/030.png
capacitor3_031,capacitor3,capacitor3/train/good/031.png
capacitor3_032,capacitor3,capacitor3/train/good/032.png
capacitor3_033,capacitor3,capacitor3/train/good/033.png
capacitor3_034,capacitor3,capacitor3/train/good/034.png
capacitor3_035,capacitor3,capacitor3/train/good/035.png
capacitor3_036,capacitor3,capacitor3/train/good/036.png
capacitor3_037,capacitor3,capacitor3/train/good/037.png
capacitor3_038,capacitor3,capacitor3/train/good/038.png
capacitor3_039,capacitor3,capacitor3/train/good/039.png
capacitor3_040,capacitor3,capacitor3/train/good/040.png
capacitor3_041,capacitor3,capacitor3/train/good/041.png
capacitor3_042,capacitor3,capacitor3/train/good/042.png
capacitor3_043,capacitor3,capacitor3/train/good/043.png
capacitor3_044,capacitor3,capacitor3/train/good/044.png
capacitor3_045,capacitor3,capacitor3/train/good/045.png
capacitor3_046,capacitor3,capacitor3/train/good/046.png
capacitor3_047,capacitor3,capacitor3/train/good/047.png
capacitor3_048,capacitor3,capacitor3/train/good/048.png
capacitor3_049,capacitor3,capacitor3/train/good/049.png
capacitor3_050,capacitor3,capacitor3/train/good/050.png
capacitor3_051,capacitor3,capacitor3/train/good/051.png
ceramic_wafer_000,ceramic_wafer,ceramic_wafer/train/good/000.png
ceramic_wafer_001,ceramic_wafer,ceramic_wafer/train/good/001.png
ceramic_wafer_002,ceramic_wafer,ceramic_wafer/train/good/002.png
ceramic_wafer_003,ceramic_wafer,ceramic_wafer/train/good/003.png
ceramic_wafer_004,ceramic_wafer,ceramic_wafer/train/good/004.png
ceramic_wafer_005,ceramic_wafer,ceramic_wafer/train/good/005.png
ceramic_wafer_006,ceramic_wafer,ceramic_wafer/train/good/006.png
ceramic_wafer_007,ceramic_wafer,ceramic_wafer/train/good/007.png
ceramic_wafer_008,ceramic_wafer,ceramic_wafer/train/good/008.png
ceramic_wafer_009,ceramic_wafer,ceramic_wafer/train/good/009.png
ceramic_wafer_010,ceramic_wafer,ceramic_wafer/train/good/010.png
ceramic_wafer_011,ceramic_wafer,ceramic_wafer/train/good/011.png
ceramic_wafer_012,ceramic_wafer,ceramic_wafer/train/good/012.png
ceramic_wafer_013,ceramic_wafer,ceramic_wafer/train/good/013.png
ceramic_wafer_014,ceramic_wafer,ceramic_wafer/train/good/014.png
ceramic_wafer_015,ceramic_wafer,ceramic_wafer/train/good/015.png
ceramic_wafer_016,ceramic_wafer,ceramic_wafer/train/good/016.png
ceramic_wafer_017,ceramic_wafer,ceramic_wafer/train/good/017.png
ceramic_wafer_018,ceramic_wafer,ceramic_wafer/train/good/018.png
ceramic_wafer_019,ceramic_wafer,ceramic_wafer/train/good/019.png
ceramic_wafer_020,ceramic_wafer,ceramic_wafer/train/good/020.png
ceramic_wafer_021,ceramic_wafer,ceramic_wafer/train/good/021.png
ceramic_wafer_022,ceramic_wafer,ceramic_wafer/train/good/022.png
ceramic_wafer_023,ceramic_wafer,ceramic_wafer/train/good/023.png
ceramic_wafer_024,ceramic_wafer,ceramic_wafer/train/good/024.png
ceramic_wafer_025,ceramic_wafer,ceramic_wafer/train/good/025.png
ceramic_wafer_026,ceramic_wafer,ceramic_wafer/train/good/026.png
ceramic_wafer_027,ceramic_wafer,ceramic_wafer/train/good/027.png
ceramic_wafer_028,ceramic_wafer,ceramic_wafer/train/good/028.png
ceramic_wafer_029,ceramic_wafer,ceramic_wafer/train/good/029.png
ceramic_wafer_030,ceramic_wafer,ceramic_wafer/train/good/030.png
ceramic_wafer_031,ceramic_wafer,ceramic_wafer/train/good/031.png
ceramic_wafer_032,ceramic_wafer,ceramic_wafer/train/good/032.png
ceramic_wafer_033,ceramic_wafer,ceramic_wafer/train/good/033.png
ceramic_wafer_034,ceramic_wafer,ceramic_wafer/train/good/034.png
ceramic_wafer_035,ceramic_wafer,ceramic_wafer/train/good/035.png
ceramic_wafer_036,ceramic_wafer,ceramic_wafer/train/good/036.png
ceramic_wafer_037,ceramic_wafer,ceramic_wafer/train/good/037.png
ceramic_wafer_038,ceramic_wafer,ceramic_wafer/train/good/038.png
ceramic_wafer_039,ceramic_wafer,ceramic_wafer/train/good/039.png
ceramic_wafer_040,ceramic_wafer,ceramic_wafer/train/good/040.png
ceramic_wafer_041,ceramic_wafer,ceramic_wafer/train/good/041.png
ceramic_wafer_042,ceramic_wafer,ceramic_wafer/train/good/042.png
ceramic_wafer_043,ceramic_wafer,ceramic_wafer/train/good/043.png
ceramic_wafer_044,ceramic_wafer,ceramic_wafer/train/good/044.png
ceramic_wafer_045,ceramic_wafer,ceramic_wafer/train/good/045.png
ceramic_wafer_046,ceramic_wafer,ceramic_wafer/train/good/046.png
ceramic_wafer_047,ceramic_wafer,ceramic_wafer/train/good/047.png
ceramic_wafer_048,ceramic_wafer,ceramic_wafer/train/good/048.png
ceramic_wafer_049,ceramic_wafer,ceramic_wafer/train/good/049.png
ceramic_wafer_050,ceramic_wafer,ceramic_wafer/train/good/050.png
ceramic_wafer_051,ceramic_wafer,ceramic_wafer/train/good/051.png
ceramic_wafer_052,ceramic_wafer,ceramic_wafer/train/good/052.png
ceramic_wafer_053,ceramic_wafer,ceramic_wafer/train/good/053.png
ceramic_wafer_054,ceramic_wafer,ceramic_wafer/train/good/054.png
ceramic_wafer_055,ceramic_wafer,ceramic_wafer/train/good/055.png
ceramic_wafer_056,ceramic_wafer,ceramic_wafer/train/good/056.png
ceramic_wafer_057,ceramic_wafer,ceramic_wafer/train/good/057.png
ceramic_wafer_058,ceramic_wafer,ceramic_wafer/train/good/058.png
ceramic_wafer_059,ceramic_wafer,ceramic_wafer/train/good/059.png
ceramic_wafer_060,ceramic_wafer,ceramic_wafer/train/good/060.png
ceramic_wafer_061,ceramic_wafer,ceramic_wafer/train/good/061.png
ceramic_wafer_062,ceramic_wafer,ceramic_wafer/train/good/062.png
ceramic_wafer_063,ceramic_wafer,ceramic_wafer/train/good/063.png
ceramic_wafer_064,ceramic_wafer,ceramic_wafer/train/good/064.png
ceramic_wafer_065,ceramic_wafer,ceramic_wafer/train/good/065.png
ceramic_wafer_066,ceramic_wafer,ceramic_wafer/train/good/066.png
ceramic_wafer_067,ceramic_wafer,ceramic_wafer/train/good/067.png
ceramic_wafer_068,ceramic_wafer,ceramic_wafer/train/good/068.png
ceramic_wafer_069,ceramic_wafer,ceramic_wafer/train/good/069.png
ceramic_wafer_070,ceramic_wafer,ceramic_wafer/train/good/070.png
ceramic_wafer_071,ceramic_wafer,ceramic_wafer/train/good/071.png
ceramic_wafer_072,ceramic_wafer,ceramic_wafer/train/good/072.png
ceramic_wafer_073,ceramic_wafer,ceramic_wafer/train/good/073.png
ceramic_wafer_074,ceramic_wafer,ceramic_wafer/train/good/074.png
ceramic_wafer_075,ceramic_wafer,ceramic_wafer/train/good/075.png
ceramic_wafer_076,ceramic_wafer,ceramic_wafer/train/good/076.png
ceramic_wafer_077,ceramic_wafer,ceramic_wafer/train/good/077.png
ceramic_wafer_078,ceramic_wafer,ceramic_wafer/train/good/078.png
ceramic_wafer_079,ceramic_wafer,ceramic_wafer/train/good/079.png
ceramic_wafer_080,ceramic_wafer,ceramic_wafer/train/good/080.png
ceramic_wafer_081,ceramic_wafer,ceramic_wafer/train/good/081.png
ceramic_wafer_082,ceramic_wafer,ceramic_wafer/train/good/082.png
ceramic_wafer_083,ceramic_wafer,ceramic_wafer/train/good/083.png
ceramic_wafer_084,ceramic_wafer,ceramic_wafer/train/good/084.png
ceramic_wafer_085,ceramic_wafer,ceramic_wafer/train/good/085.png
ceramic_wafer_086,ceramic_wafer,ceramic_wafer/train/good/086.png
ceramic_wafer_087,ceramic_wafer,ceramic_wafer/train/good/087.png
ceramic_wafer_088,ceramic_wafer,ceramic_wafer/train/good/088.png
ceramic_wafer_089,ceramic_wafer,ceramic_wafer/train/good/089.png
ceramic_wafer_090,ceramic_wafer,ceramic_wafer/train/good/090.png
ceramic_wafer_091,ceramic_wafer,ceramic_wafer/train/good/091.png
ceramic_wafer_092,ceramic_wafer,ceramic_wafer/train/good/092.png
ceramic_wafer_093,ceramic_wafer,ceramic_wafer/train/good/093.png
ceramic_wafer_094,ceramic_wafer,ceramic_wafer/train/good/094.png
ceramic_wafer_095,ceramic_wafer,ceramic_wafer/train/good/095.png
ceramic_wafer_096,ceramic_wafer,ceramic_wafer/train/good/096.png
ceramic_wafer_097,ceramic_wafer,ceramic_wafer/train/good/097.png
ceramic_wafer_098,ceramic_wafer,ceramic_wafer/train/good/098.png
ceramic_wafer_099,ceramic_wafer,ceramic_wafer/train/good/099.png
ceramic_wafer_100,ceramic_wafer,ceramic_wafer/train/good/100.png
ceramic_wafer_101,ceramic_wafer,ceramic_wafer/train/good/101.png
ceramic_wafer_102,ceramic_wafer,ceramic_wafer/train/good/102.png
ceramic_wafer_103,ceramic_wafer,ceramic_wafer/train/good/103.png
ceramic_wafer_104,ceramic_wafer,ceramic_wafer/train/good/104.png
ceramic_wafer_105,ceramic_wafer,ceramic_wafer/train/good/105.png
ceramic_wafer_106,ceramic_wafer,ceramic_wafer/train/good/106.png
ceramic_wafer_107,ceramic_wafer,ceramic_wafer/train/good/107.png
ceramic_wafer_108,ceramic_wafer,ceramic_wafer/train/good/108.png
ceramic_wafer_109,ceramic_wafer,ceramic_wafer/train/good/109.png
ceramic_wafer_110,ceramic_wafer,ceramic_wafer/train/good/110.png
ceramic_wafer_111,ceramic_wafer,ceramic_wafer/train/good/111.png
ceramic_wafer_112,ceramic_wafer,ceramic_wafer/train/good/112.png
ceramic_wafer_113,ceramic_wafer,ceramic_wafer/train/good/113.png
ceramic_wafer_114,ceramic_wafer,ceramic_wafer/train/good/114.png
ceramic_wafer_115,ceramic_wafer,ceramic_wafer/train/good/115.png
ceramic_wafer_116,ceramic_wafer,ceramic_wafer/train/good/116.png
ceramic_wafer_117,ceramic_wafer,ceramic_wafer/train/good/117.png
ceramic_wafer_118,ceramic_wafer,ceramic_wafer/train/good/118.png
ceramic_wafer_119,ceramic_wafer,ceramic_wafer/train/good/119.png
ceramic_wafer_120,ceramic_wafer,ceramic_wafer/train/good/120.png
ceramic_wafer_121,ceramic_wafer,ceramic_wafer/train/good/121.png
ceramic_wafer_122,ceramic_wafer,ceramic_wafer/train/good/122.png
ceramic_wafer_123,ceramic_wafer,ceramic_wafer/train/good/123.png
ceramic_wafer_124,ceramic_wafer,ceramic_wafer/train/good/124.png
ceramic_wafer_125,ceramic_wafer,ceramic_wafer/train/good/125.png
ceramic_wafer_126,ceramic_wafer,ceramic_wafer/train/good/126.png
ceramic_wafer_127,ceramic_wafer,ceramic_wafer/train/good/127.png
ceramic_wafer_128,ceramic_wafer,ceramic_wafer/train/good/128.png
ceramic_wafer_129,ceramic_wafer,ceramic_wafer/train/good/129.png
ceramic_wafer_130,ceramic_wafer,ceramic_wafer/train/good/130.png
ceramic_wafer_131,ceramic_wafer,ceramic_wafer/train/good/131.png
ceramic_wafer_132,ceramic_wafer,ceramic_wafer/train/good/132.png
ceramic_wafer_133,ceramic_wafer,ceramic_wafer/train/good/133.png
ceramic_wafer_134,ceramic_wafer,ceramic_wafer/train/good/134.png
ceramic_wafer_135,ceramic_wafer,ceramic_wafer/train/good/135.png
ceramic_wafer_136,ceramic_wafer,ceramic_wafer/train/good/136.png
ceramic_wafer_137,ceramic_wafer,ceramic_wafer/train/good/137.png
ceramic_wafer_138,ceramic_wafer,ceramic_wafer/train/good/138.png
ceramic_wafer_139,ceramic_wafer,ceramic_wafer/train/good/139.png
ceramic_wafer_140,ceramic_wafer,ceramic_wafer/train/good/140.png
ceramic_wafer_141,ceramic_wafer,ceramic_wafer/train/good/141.png
ceramic_wafer_142,ceramic_wafer,ceramic_wafer/train/good/142.png
ceramic_wafer_143,ceramic_wafer,ceramic_wafer/train/good/143.png
character_string_000,character_string,character_string/train/good/000.png
character_string_001,character_string,character_string/train/good/001.png
character_string_002,character_string,character_string/train/good/002.png
character_string_003,character_string,character_string/train/good/003.png
character_string_004,character_string,character_string/train/good/004.png
character_string_005,character_string,character_string/train/good/005.png
character_string_006,character_string,character_string/train/good/006.png
character_string_007,character_string,character_string/train/good/007.png
character_string_008,character_string,character_string/train/good/008.png
character_string_009,character_string,character_string/train/good/009.png
character_string_010,character_string,character_string/train/good/010.png
character_string_011,character_string,character_string/train/good/011.png
character_string_012,character_string,character_string/train/good/012.png
character_string_013,character_string,character_string/train/good/013.png
character_string_014,character_string,character_string/train/good/014.png
character_string_015,character_string,character_string/train/good/015.png
character_string_016,character_string,character_string/train/good/016.png
character_string_017,character_string,character_string/train/good/017.png
character_string_018,character_string,character_string/train/good/018.png
character_string_019,character_string,character_string/train/good/019.png
character_string_020,character_string,character_string/train/good/020.png
character_string_021,character_string,character_string/train/good/021.png
character_string_022,character_string,character_string/train/good/022.png
character_string_023,character_string,character_string/train/good/023.png
character_string_024,character_string,character_string/train/good/024.png
character_string_025,character_string,character_string/train/good/025.png
character_string_026,character_string,character_string/train/good/026.png
character_string_027,character_string,character_string/train/good/027.png
character_string_028,character_string,character_string/train/good/028.png
character_string_029,character_string,character_string/train/good/029.png
character_string_030,character_string,character_string/train/good/030.png
character_string_031,character_string,character_string/train/good/031.png
character_string_032,character_string,character_string/train/good/032.png
character_string_033,character_string,character_string/train/good/033.png
character_string_034,character_string,character_string/train/good/034.png
character_string_035,character_string,character_string/train/good/035.png
character_string_036,character_string,character_string/train/good/036.png
character_string_037,character_string,character_string/train/good/037.png
character_string_038,character_string,character_string/train/good/038.png
character_string_039,character_string,character_string/train/good/039.png
character_string_040,character_string,character_string/train/good/040.png
character_string_041,character_string,character_string/train/good/041.png
character_string_042,character_string,character_string/train/good/042.png
character_string_043,character_string,character_string/train/good/043.png
character_string_044,character_string,character_string/train/good/044.png
character_string_045,character_string,character_string/train/good/045.png
character_string_046,character_string,character_string/train/good/046.png
character_string_047,character_string,character_string/train/good/047.png
character_string_048,character_string,character_string/train/good/048.png
character_string_049,character_string,character_string/train/good/049.png
character_string_050,character_string,character_string/train/good/050.png
character_string_051,character_string,character_string/train/good/051.png
character_string_052,character_string,character_string/train/good/052.png
character_string_053,character_string,character_string/train/good/053.png
character_string_054,character_string,character_string/train/good/054.png
character_string_055,character_string,character_string/train/good/055.png
character_string_056,character_string,character_string/train/good/056.png
character_string_057,character_string,character_string/train/good/057.png
character_string_058,character_string,character_string/train/good/058.png
character_string_059,character_string,character_string/train/good/059.png
character_string_060,character_string,character_string/train/good/060.png
character_string_061,character_string,character_string/train/good/061.png
character_string_062,character_string,character_string/train/good/062.png
character_string_063,character_string,character_string/train/good/063.png
character_string_064,character_string,character_string/train/good/064.png
character_string_065,character_string,character_string/train/good/065.png
character_string_066,character_string,character_string/train/good/066.png
character_string_067,character_string,character_string/train/good/067.png
character_string_068,character_string,character_string/train/good/068.png
character_string_069,character_string,character_string/train/good/069.png
character_string_070,character_string,character_string/train/good/070.png
character_string_071,character_string,character_string/train/good/071.png
character_string_072,character_string,character_string/train/good/072.png
character_string_073,character_string,character_string/train/good/073.png
character_string_074,character_string,character_string/train/good/074.png
character_string_075,character_string,character_string/train/good/075.png
character_string_076,character_string,character_string/train/good/076.png
character_string_077,character_string,character_string/train/good/077.png
character_string_078,character_string,character_string/train/good/078.png
character_string_079,character_string,character_string/train/good/079.png
character_string_080,character_string,character_string/train/good/080.png
character_string_081,character_string,character_string/train/good/081.png
character_string_082,character_string,character_string/train/good/082.png
character_string_083,character_string,character_string/train/good/083.png
character_string_084,character_string,character_string/train/good/084.png
character_string_085,character_string,character_string/train/good/085.png
character_string_086,character_string,character_string/train/good/086.png
character_string_087,character_string,character_string/train/good/087.png
character_string_088,character_string,character_string/train/good/088.png
character_string_089,character_string,character_string/train/good/089.png
character_string_090,character_string,character_string/train/good/090.png
character_string_091,character_string,character_string/train/good/091.png
character_string_092,character_string,character_string/train/good/092.png
character_string_093,character_string,character_string/train/good/093.png
character_string_094,character_string,character_string/train/good/094.png
character_string_095,character_string,character_string/train/good/095.png
character_string_096,character_string,character_string/train/good/096.png
character_string_097,character_string,character_string/train/good/097.png
character_string_098,character_string,character_string/train/good/098.png
character_string_099,character_string,character_string/train/good/099.png
character_string_100,character_string,character_string/train/good/100.png
character_string_101,character_string,character_string/train/good/101.png
character_string_102,character_string,character_string/train/good/102.png
character_string_103,character_string,character_string/train/good/103.png
character_string_104,character_string,character_string/train/good/104.png
character_string_105,character_string,character_string/train/good/105.png
character_string_106,character_string,character_string/train/good/106.png
character_string_107,character_string,character_string/train/good/107.png
character_string_108,character_string,character_string/train/good/108.png
character_string_109,character_string,character_string/train/good/109.png
character_string_110,character_string,character_string/train/good/110.png
character_string_111,character_string,character_string/train/good/111.png
character_string_112,character_string,character_string/train/good/112.png
character_string_113,character_string,character_string/train/good/113.png
character_string_114,character_string,character_string/train/good/114.png
character_string_115,character_string,character_string/train/good/115.png
character_string_116,character_string,character_string/train/good/116.png
character_string_117,character_string,character_string/train/good/117.png
character_string_118,character_string,character_string/train/good/118.png
character_string_119,character_string,character_string/train/good/119.png
character_string_120,character_string,character_string/train/good/120.png
character_string_121,character_string,character_string/train/good/121.png
character_string_122,character_string,character_string/train/good/122.png
character_string_123,character_string,character_string/train/good/123.png
character_string_124,character_string,character_string/train/good/124.png
character_string_125,character_string,character_string/train/good/125.png
character_string_126,character_string,character_string/train/good/126.png
character_string_127,character_string,character_string/train/good/127.png
character_string_128,character_string,character_string/train/good/128.png
character_string_129,character_string,character_string/train/good/129.png
character_string_130,character_string,character_string/train/good/130.png
character_string_131,character_string,character_string/train/good/131.png
character_string_132,character_string,character_string/train/good/132.png
character_string_133,character_string,character_string/train/good/133.png
character_string_134,character_string,character_string/train/good/134.png
character_string_135,character_string,character_string/train/good/135.png
character_string_136,character_string,character_string/train/good/136.png
character_string_137,character_string,character_string/train/good/137.png
character_string_138,character_string,character_string/train/good/138.png
character_string_139,character_string,character_string/train/good/139.png
character_string_140,character_string,character_string/train/good/140.png
character_string_141,character_string,character_string/train/good/141.png
character_string_142,character_string,character_string/train/good/142.png
character_string_143,character_string,character_string/train/good/143.png
character_string_144,character_string,character_string/train/good/144.png
character_string_145,character_string,character_string/train/good/145.png
character_string_146,character_string,character_string/train/good/146.png
character_string_147,character_string,character_string/train/good/147.png
character_string_148,character_string,character_string/train/good/148.png
character_string_149,character_string,character_string/train/good/149.png
character_string_150,character_string,character_string/train/good/150.png
character_string_151,character_string,character_string/train/good/151.png
character_string_152,character_string,character_string/train/good/152.png
character_string_153,character_string,character_string/train/good/153.png
character_string_154,character_string,character_string/train/good/154.png
character_string_155,character_string,character_string/train/good/155.png
character_string_156,character_string,character_string/train/good/156.png
character_string_157,character_string,character_string/train/good/157.png
character_string_158,character_string,character_string/train/good/158.png
character_string_159,character_string,character_string/train/good/159.png
character_string_160,character_string,character_string/train/good/160.png
character_string_161,character_string,character_string/train/good/161.png
character_string_162,character_string,character_string/train/good/162.png
character_string_163,character_string,character_string/train/good/163.png
character_string_164,character_string,character_string/train/good/164.png
character_string_165,character_string,character_string/train/good/165.png
character_string_166,character_string,character_string/train/good/166.png
character_string_167,character_string,character_string/train/good/167.png
character_string_168,character_string,character_string/train/good/168.png
character_string_169,character_string,character_string/train/good/169.png
character_string_170,character_string,character_string/train/good/170.png
character_string_171,character_string,character_string/train/good/171.png
character_string_172,character_string,character_string/train/good/172.png
character_string_173,character_string,character_string/train/good/173.png
character_string_174,character_string,character_string/train/good/174.png
character_string_175,character_string,character_string/train/good/175.png
character_string_176,character_string,character_string/train/good/176.png
character_string_177,character_string,character_string/train/good/177.png
character_string_178,character_string,character_string/train/good/178.png
character_string_179,character_string,character_string/train/good/179.png
character_string_180,character_string,character_string/train/good/180.png
character_string_181,character_string,character_string/train/good/181.png
character_string_182,character_string,character_string/train/good/182.png
character_string_183,character_string,character_string/train/good/183.png
character_string_184,character_string,character_string/train/good/184.png
character_string_185,character_string,character_string/train/good/185.png
character_string_186,character_string,character_string/train/good/186.png
character_string_187,character_string,character_string/train/good/187.png
character_string_188,character_string,character_string/train/good/188.png
character_string_189,character_string,character_string/train/good/189.png
character_string_190,character_string,character_string/train/good/190.png
character_string_191,character_string,character_string/train/good/191.png
character_string_192,character_string,character_string/train/good/192.png
character_string_193,character_string,character_string/train/good/193.png
character_string_194,character_string,character_string/train/good/194.png
character_string_195,character_string,character_string/train/good/195.png
character_string_196,character_string,character_string/train/good/196.png
character_string_197,character_string,character_string/train/good/197.png
character_string_198,character_string,character_string/train/good/198.png
character_string_199,character_string,character_string/train/good/199.png
character_string_200,character_string,character_string/train/good/200.png
character_string_201,character_string,character_string/train/good/201.png
character_string_202,character_string,character_string/train/good/202.png
character_string_203,character_string,character_string/train/good/203.png
character_string_204,character_string,character_string/train/good/204.png
character_string_205,character_string,character_string/train/good/205.png
character_string_206,character_string,character_string/train/good/206.png
character_string_207,character_string,character_string/train/good/207.png
character_string_208,character_string,character_string/train/good/208.png
character_string_209,character_string,character_string/train/good/209.png
character_string_210,character_string,character_string/train/good/210.png
character_string_211,character_string,character_string/train/good/211.png
character_string_212,character_string,character_string/train/good/212.png
character_string_213,character_string,character_string/train/good/213.png
character_string_214,character_string,character_string/train/good/214.png
character_string_215,character_string,character_string/train/good/215.png
character_string_216,character_string,character_string/train/good/216.png
character_string_217,character_string,character_string/train/good/217.png
character_string_218,character_string,character_string/train/good/218.png
character_string_219,character_string,character_string/train/good/219.png
character_string_220,character_string,character_string/train/good/220.png
character_string_221,character_string,character_string/train/good/221.png
character_string_222,character_string,character_string/train/good/222.png
character_string_223,character_string,character_string/train/good/223.png
character_string_224,character_string,character_string/train/good/224.png
character_string_225,character_string,character_string/train/good/225.png
character_string_226,character_string,character_string/train/good/226.png
character_string_227,character_string,character_string/train/good/227.png
character_string_228,character_string,character_string/train/good/228.png
character_string_229,character_string,character_string/train/good/229.png
character_string_230,character_string,character_string/train/good/230.png
character_string_231,character_string,character_string/train/good/231.png
character_string_232,character_string,character_string/train/good/232.png
character_string_233,character_string,character_string/train/good/233.png
character_string_234,character_string,character_string/train/good/234.png
character_string_235,character_string,character_string/train/good/235.png
character_string_236,character_string,character_string/train/good/236.png
character_string_237,character_string,character_string/train/good/237.png
character_string_238,character_string,character_string/train/good/238.png
character_string_239,character_string,character_string/train/good/239.png
character_string_240,character_string,character_string/train/good/240.png
character_string_241,character_string,character_string/train/good/241.png
character_string_242,character_string,character_string/train/good/242.png
character_string_243,character_string,character_string/train/good/243.png
character_string_244,character_string,character_string/train/good/244.png
character_string_245,character_string,character_string/train/good/245.png
character_string_246,character_string,character_string/train/good/246.png
character_string_247,character_string,character_string/train/good/247.png
character_string_248,character_string,character_string/train/good/248.png
character_string_249,character_string,character_string/train/good/249.png
character_string_250,character_string,character_string/train/good/250.png
character_string_251,character_string,character_string/train/good/251.png
character_string_252,character_string,character_string/train/good/252.png
character_string_253,character_string,character_string/train/good/253.png
character_string_254,character_string,character_string/train/good/254.png
character_string_255,character_string,character_string/train/good/255.png
character_string_256,character_string,character_string/train/good/256.png
character_string_257,character_string,character_string/train/good/257.png
character_string_258,character_string,character_string/train/good/258.png
character_string_259,character_string,character_string/train/good/259.png
character_string_260,character_string,character_string/train/good/260.png
character_string_261,character_string,character_string/train/good/261.png
character_string_262,character_string,character_string/train/good/262.png
character_string_263,character_string,character_string/train/good/263.png
character_string_264,character_string,character_string/train/good/264.png
character_string_265,character_string,character_string/train/good/265.png
character_string_266,character_string,character_string/train/good/266.png
character_string_267,character_string,character_string/train/good/267.png
character_string_268,character_string,character_string/train/good/268.png
character_string_269,character_string,character_string/train/good/269.png
character_string_270,character_string,character_string/train/good/270.png
character_string_271,character_string,character_string/train/good/271.png
character_string_272,character_string,character_string/train/good/272.png
character_string_273,character_string,character_string/train/good/273.png
character_string_274,character_string,character_string/train/good/274.png
character_string_275,character_string,character_string/train/good/275.png
character_string_276,character_string,character_string/train/good/276.png
character_string_277,character_string,character_string/train/good/277.png
character_string_278,character_string,character_string/train/good/278.png
character_string_279,character_string,character_string/train/good/279.png
chip1_000,chip1,chip1/train/good/000.png
chip1_001,chip1,chip1/train/good/001.png
chip1_002,chip1,chip1/train/good/002.png
chip1_003,chip1,chip1/train/good/003.png
chip1_004,chip1,chip1/train/good/004.png
chip1_005,chip1,chip1/train/good/005.png
chip1_006,chip1,chip1/train/good/006.png
chip1_007,chip1,chip1/train/good/007.png
chip1_008,chip1,chip1/train/good/008.png
chip1_009,chip1,chip1/train/good/009.png
chip1_010,chip1,chip1/train/good/010.png
chip1_011,chip1,chip1/train/good/011.png
chip1_012,chip1,chip1/train/good/012.png
chip1_013,chip1,chip1/train/good/013.png
chip1_014,chip1,chip1/train/good/014.png
chip1_015,chip1,chip1/train/good/015.png
chip1_016,chip1,chip1/train/good/016.png
chip1_017,chip1,chip1/train/good/017.png
chip1_018,chip1,chip1/train/good/018.png
chip1_019,chip1,chip1/train/good/019.png
chip1_020,chip1,chip1/train/good/020.png
chip1_021,chip1,chip1/train/good/021.png
chip1_022,chip1,chip1/train/good/022.png
chip1_023,chip1,chip1/train/good/023.png
chip1_024,chip1,chip1/train/good/024.png
chip1_025,chip1,chip1/train/good/025.png
chip1_026,chip1,chip1/train/good/026.png
chip1_027,chip1,chip1/train/good/027.png
chip1_028,chip1,chip1/train/good/028.png
chip1_029,chip1,chip1/train/good/029.png
chip1_030,chip1,chip1/train/good/030.png
chip1_031,chip1,chip1/train/good/031.png
chip1_032,chip1,chip1/train/good/032.png
chip1_033,chip1,chip1/train/good/033.png
chip1_034,chip1,chip1/train/good/034.png
chip1_035,chip1,chip1/train/good/035.png
chip1_036,chip1,chip1/train/good/036.png
chip1_037,chip1,chip1/train/good/037.png
chip1_038,chip1,chip1/train/good/038.png
chip1_039,chip1,chip1/train/good/039.png
chip1_040,chip1,chip1/train/good/040.png
chip1_041,chip1,chip1/train/good/041.png
chip1_042,chip1,chip1/train/good/042.png
chip1_043,chip1,chip1/train/good/043.png
chip1_044,chip1,chip1/train/good/044.png
chip1_045,chip1,chip1/train/good/045.png
chip1_046,chip1,chip1/train/good/046.png
chip1_047,chip1,chip1/train/good/047.png
chip1_048,chip1,chip1/train/good/048.png
chip1_049,chip1,chip1/train/good/049.png
chip1_050,chip1,chip1/train/good/050.png
chip1_051,chip1,chip1/train/good/051.png
chip1_052,chip1,chip1/train/good/052.png
chip1_053,chip1,chip1/train/good/053.png
chip1_054,chip1,chip1/train/good/054.png
chip1_055,chip1,chip1/train/good/055.png
chip1_056,chip1,chip1/train/good/056.png
chip1_057,chip1,chip1/train/good/057.png
chip1_058,chip1,chip1/train/good/058.png
chip1_059,chip1,chip1/train/good/059.png
chip1_060,chip1,chip1/train/good/060.png
chip1_061,chip1,chip1/train/good/061.png
chip1_062,chip1,chip1/train/good/062.png
chip1_063,chip1,chip1/train/good/063.png
chip1_064,chip1,chip1/train/good/064.png
chip1_065,chip1,chip1/train/good/065.png
chip1_066,chip1,chip1/train/good/066.png
chip1_067,chip1,chip1/train/good/067.png
chip1_068,chip1,chip1/train/good/068.png
chip1_069,chip1,chip1/train/good/069.png
chip1_070,chip1,chip1/train/good/070.png
chip1_071,chip1,chip1/train/good/071.png
chip1_072,chip1,chip1/train/good/072.png
chip1_073,chip1,chip1/train/good/073.png
chip1_074,chip1,chip1/train/good/074.png
chip1_075,chip1,chip1/train/good/075.png
chip1_076,chip1,chip1/train/good/076.png
chip1_077,chip1,chip1/train/good/077.png
chip1_078,chip1,chip1/train/good/078.png
chip1_079,chip1,chip1/train/good/079.png
chip1_080,chip1,chip1/train/good/080.png
chip1_081,chip1,chip1/train/good/081.png
chip1_082,chip1,chip1/train/good/082.png
chip1_083,chip1,chip1/train/good/083.png
chip1_084,chip1,chip1/train/good/084.png
chip1_085,chip1,chip1/train/good/085.png
chip1_086,chip1,chip1/train/good/086.png
chip1_087,chip1,chip1/train/good/087.png
chip1_088,chip1,chip1/train/good/088.png
chip1_089,chip1,chip1/train/good/089.png
chip1_090,chip1,chip1/train/good/090.png
chip1_091,chip1,chip1/train/good/091.png
chip1_092,chip1,chip1/train/good/092.png
chip1_093,chip1,chip1/train/good/093.png
chip1_094,chip1,chip1/train/good/094.png
chip1_095,chip1,chip1/train/good/095.png
chip1_096,chip1,chip1/train/good/096.png
chip1_097,chip1,chip1/train/good/097.png
chip1_098,chip1,chip1/train/good/098.png
chip1_099,chip1,chip1/train/good/099.png
chip1_100,chip1,chip1/train/good/100.png
chip1_101,chip1,chip1/train/good/101.png
chip1_102,chip1,chip1/train/good/102.png
chip1_103,chip1,chip1/train/good/103.png
chip1_104,chip1,chip1/train/good/104.png
chip1_105,chip1,chip1/train/good/105.png
chip1_106,chip1,chip1/train/good/106.png
chip1_107,chip1,chip1/train/good/107.png
chip1_108,chip1,chip1/train/good/108.png
chip1_109,chip1,chip1/train/good/109.png
chip1_110,chip1,chip1/train/good/110.png
chip1_111,chip1,chip1/train/good/111.png
chip1_112,chip1,chip1/train/good/112.png
chip1_113,chip1,chip1/train/good/113.png
chip1_114,chip1,chip1/train/good/114.png
chip1_115,chip1,chip1/train/good/115.png
chip1_116,chip1,chip1/train/good/116.png
chip1_117,chip1,chip1/train/good/117.png
cloth3_000,cloth3,cloth3/train/good/000.png
cloth3_001,cloth3,cloth3/train/good/001.png
cloth3_002,cloth3,cloth3/train/good/002.png
cloth3_003,cloth3,cloth3/train/good/003.png
cloth3_004,cloth3,cloth3/train/good/004.png
cloth3_005,cloth3,cloth3/train/good/005.png
cloth3_006,cloth3,cloth3/train/good/006.png
cloth3_007,cloth3,cloth3/train/good/007.png
cloth3_008,cloth3,cloth3/train/good/008.png
cloth3_009,cloth3,cloth3/train/good/009.png
coffee_cup_lid1_000,coffee_cup_lid1,coffee_cup_lid1/train/good/000.png
coffee_cup_lid1_001,coffee_cup_lid1,coffee_cup_lid1/train/good/001.png
coffee_cup_lid1_002,coffee_cup_lid1,coffee_cup_lid1/train/good/002.png
coffee_cup_lid1_003,coffee_cup_lid1,coffee_cup_lid1/train/good/003.png
coffee_cup_lid1_004,coffee_cup_lid1,coffee_cup_lid1/train/good/004.png
coffee_cup_lid1_005,coffee_cup_lid1,coffee_cup_lid1/train/good/005.png
coffee_cup_lid1_006,coffee_cup_lid1,coffee_cup_lid1/train/good/006.png
coffee_cup_lid1_007,coffee_cup_lid1,coffee_cup_lid1/train/good/007.png
coffee_cup_lid1_008,coffee_cup_lid1,coffee_cup_lid1/train/good/008.png
coffee_cup_lid1_009,coffee_cup_lid1,coffee_cup_lid1/train/good/009.png
coffee_cup_lid1_010,coffee_cup_lid1,coffee_cup_lid1/train/good/010.png
coffee_cup_lid1_011,coffee_cup_lid1,coffee_cup_lid1/train/good/011.png
coffee_cup_lid1_012,coffee_cup_lid1,coffee_cup_lid1/train/good/012.png
coffee_cup_lid1_013,coffee_cup_lid1,coffee_cup_lid1/train/good/013.png
coffee_cup_lid1_014,coffee_cup_lid1,coffee_cup_lid1/train/good/014.png
coffee_cup_lid1_015,coffee_cup_lid1,coffee_cup_lid1/train/good/015.png
coffee_cup_lid1_016,coffee_cup_lid1,coffee_cup_lid1/train/good/016.png
coffee_cup_lid1_017,coffee_cup_lid1,coffee_cup_lid1/train/good/017.png
coffee_cup_lid1_018,coffee_cup_lid1,coffee_cup_lid1/train/good/018.png
coffee_cup_lid1_019,coffee_cup_lid1,coffee_cup_lid1/train/good/019.png
coffee_cup_lid1_020,coffee_cup_lid1,coffee_cup_lid1/train/good/020.png
coffee_cup_lid1_021,coffee_cup_lid1,coffee_cup_lid1/train/good/021.png
coffee_cup_lid1_022,coffee_cup_lid1,coffee_cup_lid1/train/good/022.png
coffee_cup_lid1_023,coffee_cup_lid1,coffee_cup_lid1/train/good/023.png
coffee_cup_lid1_024,coffee_cup_lid1,coffee_cup_lid1/train/good/024.png
coffee_cup_lid1_025,coffee_cup_lid1,coffee_cup_lid1/train/good/025.png
coffee_cup_lid1_026,coffee_cup_lid1,coffee_cup_lid1/train/good/026.png
coffee_cup_lid1_027,coffee_cup_lid1,coffee_cup_lid1/train/good/027.png
coffee_cup_lid1_028,coffee_cup_lid1,coffee_cup_lid1/train/good/028.png
coffee_cup_lid1_029,coffee_cup_lid1,coffee_cup_lid1/train/good/029.png
coffee_cup_lid1_030,coffee_cup_lid1,coffee_cup_lid1/train/good/030.png
coffee_cup_lid1_031,coffee_cup_lid1,coffee_cup_lid1/train/good/031.png
coffee_cup_lid1_032,coffee_cup_lid1,coffee_cup_lid1/train/good/032.png
coffee_cup_lid1_033,coffee_cup_lid1,coffee_cup_lid1/train/good/033.png
coffee_cup_lid1_034,coffee_cup_lid1,coffee_cup_lid1/train/good/034.png
coffee_cup_lid1_035,coffee_cup_lid1,coffee_cup_lid1/train/good/035.png
coffee_cup_lid1_036,coffee_cup_lid1,coffee_cup_lid1/train/good/036.png
coffee_cup_lid1_037,coffee_cup_lid1,coffee_cup_lid1/train/good/037.png
coffee_cup_lid1_038,coffee_cup_lid1,coffee_cup_lid1/train/good/038.png
coffee_cup_lid1_039,coffee_cup_lid1,coffee_cup_lid1/train/good/039.png
coffee_cup_lid1_040,coffee_cup_lid1,coffee_cup_lid1/train/good/040.png
coffee_cup_lid1_041,coffee_cup_lid1,coffee_cup_lid1/train/good/041.png
coffee_cup_lid1_042,coffee_cup_lid1,coffee_cup_lid1/train/good/042.png
coffee_cup_lid1_043,coffee_cup_lid1,coffee_cup_lid1/train/good/043.png
coffee_cup_lid1_044,coffee_cup_lid1,coffee_cup_lid1/train/good/044.png
coffee_cup_lid1_045,coffee_cup_lid1,coffee_cup_lid1/train/good/045.png
coffee_cup_lid1_046,coffee_cup_lid1,coffee_cup_lid1/train/good/046.png
coffee_cup_lid1_047,coffee_cup_lid1,coffee_cup_lid1/train/good/047.png
coffee_cup_lid1_048,coffee_cup_lid1,coffee_cup_lid1/train/good/048.png
coffee_cup_lid1_049,coffee_cup_lid1,coffee_cup_lid1/train/good/049.png
coffee_cup_lid1_050,coffee_cup_lid1,coffee_cup_lid1/train/good/050.png
coffee_cup_lid1_051,coffee_cup_lid1,coffee_cup_lid1/train/good/051.png
coffee_cup_lid1_052,coffee_cup_lid1,coffee_cup_lid1/train/good/052.png
coffee_cup_lid1_053,coffee_cup_lid1,coffee_cup_lid1/train/good/053.png
coffee_cup_lid1_054,coffee_cup_lid1,coffee_cup_lid1/train/good/054.png
coffee_cup_lid1_055,coffee_cup_lid1,coffee_cup_lid1/train/good/055.png
coffee_cup_lid1_056,coffee_cup_lid1,coffee_cup_lid1/train/good/056.png
coffee_cup_lid1_057,coffee_cup_lid1,coffee_cup_lid1/train/good/057.png
coffee_cup_lid1_058,coffee_cup_lid1,coffee_cup_lid1/train/good/058.png
coffee_cup_lid1_059,coffee_cup_lid1,coffee_cup_lid1/train/good/059.png
coffee_cup_lid1_060,coffee_cup_lid1,coffee_cup_lid1/train/good/060.png
coffee_cup_lid1_061,coffee_cup_lid1,coffee_cup_lid1/train/good/061.png
coffee_cup_lid1_062,coffee_cup_lid1,coffee_cup_lid1/train/good/062.png
coffee_cup_lid1_063,coffee_cup_lid1,coffee_cup_lid1/train/good/063.png
coffee_cup_lid1_064,coffee_cup_lid1,coffee_cup_lid1/train/good/064.png
coffee_cup_lid1_065,coffee_cup_lid1,coffee_cup_lid1/train/good/065.png
coffee_cup_lid1_066,coffee_cup_lid1,coffee_cup_lid1/train/good/066.png
coffee_cup_lid1_067,coffee_cup_lid1,coffee_cup_lid1/train/good/067.png
coffee_cup_lid1_068,coffee_cup_lid1,coffee_cup_lid1/train/good/068.png
coffee_cup_lid1_069,coffee_cup_lid1,coffee_cup_lid1/train/good/069.png
coffee_cup_lid1_070,coffee_cup_lid1,coffee_cup_lid1/train/good/070.png
coffee_cup_lid1_071,coffee_cup_lid1,coffee_cup_lid1/train/good/071.png
coffee_cup_lid1_072,coffee_cup_lid1,coffee_cup_lid1/train/good/072.png
coffee_cup_lid1_073,coffee_cup_lid1,coffee_cup_lid1/train/good/073.png
coffee_cup_lid1_074,coffee_cup_lid1,coffee_cup_lid1/train/good/074.png
coffee_cup_lid1_075,coffee_cup_lid1,coffee_cup_lid1/train/good/075.png
coffee_cup_lid1_076,coffee_cup_lid1,coffee_cup_lid1/train/good/076.png
coffee_cup_lid1_077,coffee_cup_lid1,coffee_cup_lid1/train/good/077.png
coffee_cup_lid1_078,coffee_cup_lid1,coffee_cup_lid1/train/good/078.png
coffee_cup_lid1_079,coffee_cup_lid1,coffee_cup_lid1/train/good/079.png
coffee_cup_lid1_080,coffee_cup_lid1,coffee_cup_lid1/train/good/080.png
dumplings2_000,dumplings2,dumplings2/train/good/000.png
dumplings2_001,dumplings2,dumplings2/train/good/001.png
dumplings2_002,dumplings2,dumplings2/train/good/002.png
dumplings2_003,dumplings2,dumplings2/train/good/003.png
dumplings2_004,dumplings2,dumplings2/train/good/004.png
dumplings2_005,dumplings2,dumplings2/train/good/005.png
dumplings2_006,dumplings2,dumplings2/train/good/006.png
dumplings2_007,dumplings2,dumplings2/train/good/007.png
dumplings2_008,dumplings2,dumplings2/train/good/008.png
dumplings2_009,dumplings2,dumplings2/train/good/009.png
dumplings2_010,dumplings2,dumplings2/train/good/010.png
dumplings2_011,dumplings2,dumplings2/train/good/011.png
dumplings2_012,dumplings2,dumplings2/train/good/012.png
dumplings2_013,dumplings2,dumplings2/train/good/013.png
dumplings2_014,dumplings2,dumplings2/train/good/014.png
dumplings2_015,dumplings2,dumplings2/train/good/015.png
dumplings2_016,dumplings2,dumplings2/train/good/016.png
dumplings2_017,dumplings2,dumplings2/train/good/017.png
dumplings2_018,dumplings2,dumplings2/train/good/018.png
dumplings2_019,dumplings2,dumplings2/train/good/019.png
dumplings2_020,dumplings2,dumplings2/train/good/020.png
dumplings2_021,dumplings2,dumplings2/train/good/021.png
dumplings2_022,dumplings2,dumplings2/train/good/022.png
dumplings2_023,dumplings2,dumplings2/train/good/023.png
dumplings2_024,dumplings2,dumplings2/train/good/024.png
dumplings2_025,dumplings2,dumplings2/train/good/025.png
dumplings2_026,dumplings2,dumplings2/train/good/026.png
dumplings2_027,dumplings2,dumplings2/train/good/027.png
dumplings2_028,dumplings2,dumplings2/train/good/028.png
dumplings2_029,dumplings2,dumplings2/train/good/029.png
dumplings2_030,dumplings2,dumplings2/train/good/030.png
dumplings2_031,dumplings2,dumplings2/train/good/031.png
dumplings2_032,dumplings2,dumplings2/train/good/032.png
dumplings2_033,dumplings2,dumplings2/train/good/033.png
dumplings2_034,dumplings2,dumplings2/train/good/034.png
dumplings2_035,dumplings2,dumplings2/train/good/035.png
dumplings2_036,dumplings2,dumplings2/train/good/036.png
dumplings2_037,dumplings2,dumplings2/train/good/037.png
dumplings2_038,dumplings2,dumplings2/train/good/038.png
dumplings2_039,dumplings2,dumplings2/train/good/039.png
dumplings2_040,dumplings2,dumplings2/train/good/040.png
dumplings2_041,dumplings2,dumplings2/train/good/041.png
dumplings2_042,dumplings2,dumplings2/train/good/042.png
dumplings2_043,dumplings2,dumplings2/train/good/043.png
dumplings2_044,dumplings2,dumplings2/train/good/044.png
dumplings2_045,dumplings2,dumplings2/train/good/045.png
dumplings2_046,dumplings2,dumplings2/train/good/046.png
dumplings2_047,dumplings2,dumplings2/train/good/047.png
dumplings2_048,dumplings2,dumplings2/train/good/048.png
dumplings2_049,dumplings2,dumplings2/train/good/049.png
dumplings2_050,dumplings2,dumplings2/train/good/050.png
dumplings2_051,dumplings2,dumplings2/train/good/051.png
dumplings2_052,dumplings2,dumplings2/train/good/052.png
dumplings2_053,dumplings2,dumplings2/train/good/053.png
dumplings2_054,dumplings2,dumplings2/train/good/054.png
dumplings2_055,dumplings2,dumplings2/train/good/055.png
dumplings2_056,dumplings2,dumplings2/train/good/056.png
dumplings2_057,dumplings2,dumplings2/train/good/057.png
dumplings2_058,dumplings2,dumplings2/train/good/058.png
dumplings2_059,dumplings2,dumplings2/train/good/059.png
dumplings2_060,dumplings2,dumplings2/train/good/060.png
dumplings2_061,dumplings2,dumplings2/train/good/061.png
dumplings2_062,dumplings2,dumplings2/train/good/062.png
dumplings2_063,dumplings2,dumplings2/train/good/063.png
dumplings2_064,dumplings2,dumplings2/train/good/064.png
dumplings2_065,dumplings2,dumplings2/train/good/065.png
dumplings2_066,dumplings2,dumplings2/train/good/066.png
dumplings2_067,dumplings2,dumplings2/train/good/067.png
dumplings2_068,dumplings2,dumplings2/train/good/068.png
dumplings2_069,dumplings2,dumplings2/train/good/069.png
dumplings2_070,dumplings2,dumplings2/train/good/070.png
dumplings2_071,dumplings2,dumplings2/train/good/071.png
dumplings2_072,dumplings2,dumplings2/train/good/072.png
dumplings2_073,dumplings2,dumplings2/train/good/073.png
dumplings2_074,dumplings2,dumplings2/train/good/074.png
dumplings2_075,dumplings2,dumplings2/train/good/075.png
dumplings2_076,dumplings2,dumplings2/train/good/076.png
dumplings2_077,dumplings2,dumplings2/train/good/077.png
dumplings2_078,dumplings2,dumplings2/train/good/078.png
dumplings2_079,dumplings2,dumplings2/train/good/079.png
dumplings2_080,dumplings2,dumplings2/train/good/080.png
dumplings2_081,dumplings2,dumplings2/train/good/081.png
dumplings2_082,dumplings2,dumplings2/train/good/082.png
dumplings2_083,dumplings2,dumplings2/train/good/083.png
dumplings2_084,dumplings2,dumplings2/train/good/084.png
dumplings2_085,dumplings2,dumplings2/train/good/085.png
dumplings2_086,dumplings2,dumplings2/train/good/086.png
dumplings2_087,dumplings2,dumplings2/train/good/087.png
dumplings2_088,dumplings2,dumplings2/train/good/088.png
dumplings2_089,dumplings2,dumplings2/train/good/089.png
dumplings2_090,dumplings2,dumplings2/train/good/090.png
dumplings2_091,dumplings2,dumplings2/train/good/091.png
dumplings2_092,dumplings2,dumplings2/train/good/092.png
dumplings2_093,dumplings2,dumplings2/train/good/093.png
dumplings2_094,dumplings2,dumplings2/train/good/094.png
dumplings2_095,dumplings2,dumplings2/train/good/095.png
dumplings2_096,dumplings2,dumplings2/train/good/096.png
dumplings2_097,dumplings2,dumplings2/train/good/097.png
dumplings2_098,dumplings2,dumplings2/train/good/098.png
dumplings2_099,dumplings2,dumplings2/train/good/099.png
dumplings2_100,dumplings2,dumplings2/train/good/100.png
dumplings2_101,dumplings2,dumplings2/train/good/101.png
dumplings2_102,dumplings2,dumplings2/train/good/102.png
dumplings2_103,dumplings2,dumplings2/train/good/103.png
dumplings2_104,dumplings2,dumplings2/train/good/104.png
dumplings2_105,dumplings2,dumplings2/train/good/105.png
dumplings2_106,dumplings2,dumplings2/train/good/106.png
dumplings2_107,dumplings2,dumplings2/train/good/107.png
dumplings2_108,dumplings2,dumplings2/train/good/108.png
dumplings2_109,dumplings2,dumplings2/train/good/109.png
dumplings2_110,dumplings2,dumplings2/train/good/110.png
dumplings2_111,dumplings2,dumplings2/train/good/111.png
dumplings2_112,dumplings2,dumplings2/train/good/112.png
dumplings2_113,dumplings2,dumplings2/train/good/113.png
dumplings2_114,dumplings2,dumplings2/train/good/114.png
dumplings2_115,dumplings2,dumplings2/train/good/115.png
dumplings2_116,dumplings2,dumplings2/train/good/116.png
ice_cream_stick_000,ice_cream_stick,ice_cream_stick/train/good/000.png
ice_cream_stick_001,ice_cream_stick,ice_cream_stick/train/good/001.png
ice_cream_stick_002,ice_cream_stick,ice_cream_stick/train/good/002.png
ice_cream_stick_003,ice_cream_stick,ice_cream_stick/train/good/003.png
ice_cream_stick_004,ice_cream_stick,ice_cream_stick/train/good/004.png
ice_cream_stick_005,ice_cream_stick,ice_cream_stick/train/good/005.png
ice_cream_stick_006,ice_cream_stick,ice_cream_stick/train/good/006.png
ice_cream_stick_007,ice_cream_stick,ice_cream_stick/train/good/007.png
ice_cream_stick_008,ice_cream_stick,ice_cream_stick/train/good/008.png
ice_cream_stick_009,ice_cream_stick,ice_cream_stick/train/good/009.png
ice_cream_stick_010,ice_cream_stick,ice_cream_stick/train/good/010.png
ice_cream_stick_011,ice_cream_stick,ice_cream_stick/train/good/011.png
ice_cream_stick_012,ice_cream_stick,ice_cream_stick/train/good/012.png
ice_cream_stick_013,ice_cream_stick,ice_cream_stick/train/good/013.png
ice_cream_stick_014,ice_cream_stick,ice_cream_stick/train/good/014.png
ice_cream_stick_015,ice_cream_stick,ice_cream_stick/train/good/015.png
ice_cream_stick_016,ice_cream_stick,ice_cream_stick/train/good/016.png
ice_cream_stick_017,ice_cream_stick,ice_cream_stick/train/good/017.png
ice_cream_stick_018,ice_cream_stick,ice_cream_stick/train/good/018.png
ice_cream_stick_019,ice_cream_stick,ice_cream_stick/train/good/019.png
ice_cream_stick_020,ice_cream_stick,ice_cream_stick/train/good/020.png
ice_cream_stick_021,ice_cream_stick,ice_cream_stick/train/good/021.png
ice_cream_stick_022,ice_cream_stick,ice_cream_stick/train/good/022.png
ice_cream_stick_023,ice_cream_stick,ice_cream_stick/train/good/023.png
ice_cream_stick_024,ice_cream_stick,ice_cream_stick/train/good/024.png
ice_cream_stick_025,ice_cream_stick,ice_cream_stick/train/good/025.png
ice_cream_stick_026,ice_cream_stick,ice_cream_stick/train/good/026.png
ice_cream_stick_027,ice_cream_stick,ice_cream_stick/train/good/027.png
ice_cream_stick_028,ice_cream_stick,ice_cream_stick/train/good/028.png
infusion_bottle_bottom5_000,infusion_bottle_bottom5,infusion_bottle_bottom5/train/good/000.png
infusion_bottle_bottom5_001,infusion_bottle_bottom5,infusion_bottle_bottom5/train/good/001.png
infusion_bottle_bottom5_002,infusion_bottle_bottom5,infusion_bottle_bottom5/train/good/002.png
infusion_bottle_bottom5_003,infusion_bottle_bottom5,infusion_bottle_bottom5/train/good/003.png
infusion_bottle_bottom5_004,infusion_bottle_bottom5,infusion_bottle_bottom5/train/good/004.png
infusion_bottle_bottom5_005,infusion_bottle_bottom5,infusion_bottle_bottom5/train/good/005.png
infusion_bottle_bottom5_006,infusion_bottle_bottom5,infusion_bottle_bottom5/train/good/006.png
infusion_bottle_bottom5_007,infusion_bottle_bottom5,infusion_bottle_bottom5/train/good/007.png
infusion_bottle_bottom5_008,infusion_bottle_bottom5,infusion_bottle_bottom5/train/good/008.png
infusion_bottle_bottom5_009,infusion_bottle_bottom5,infusion_bottle_bottom5/train/good/009.png
infusion_bottle_bottom5_010,infusion_bottle_bottom5,infusion_bottle_bottom5/train/good/010.png
infusion_bottle_bottom5_011,infusion_bottle_bottom5,infusion_bottle_bottom5/train/good/011.png
infusion_bottle_bottom5_012,infusion_bottle_bottom5,infusion_bottle_bottom5/train/good/012.png
infusion_bottle_bottom5_013,infusion_bottle_bottom5,infusion_bottle_bottom5/train/good/013.png
infusion_bottle_bottom5_014,infusion_bottle_bottom5,infusion_bottle_bottom5/train/good/014.png
infusion_bottle_bottom5_015,infusion_bottle_bottom5,infusion_bottle_bottom5/train/good/015.png
infusion_bottle_bottom5_016,infusion_bottle_bottom5,infusion_bottle_bottom5/train/good/016.png
infusion_bottle_bottom5_017,infusion_bottle_bottom5,infusion_bottle_bottom5/train/good/017.png
infusion_bottle_bottom5_018,infusion_bottle_bottom5,infusion_bottle_bottom5/train/good/018.png
infusion_bottle_bottom5_019,infusion_bottle_bottom5,infusion_bottle_bottom5/train/good/019.png
infusion_bottle_bottom5_020,infusion_bottle_bottom5,infusion_bottle_bottom5/train/good/020.png
infusion_bottle_bottom5_021,infusion_bottle_bottom5,infusion_bottle_bottom5/train/good/021.png
infusion_bottle_bottom5_022,infusion_bottle_bottom5,infusion_bottle_bottom5/train/good/022.png
infusion_bottle_bottom5_023,infusion_bottle_bottom5,infusion_bottle_bottom5/train/good/023.png
infusion_bottle_bottom5_024,infusion_bottle_bottom5,infusion_bottle_bottom5/train/good/024.png
infusion_bottle_bottom5_025,infusion_bottle_bottom5,infusion_bottle_bottom5/train/good/025.png
infusion_bottle_bottom5_026,infusion_bottle_bottom5,infusion_bottle_bottom5/train/good/026.png
infusion_bottle_bottom5_027,infusion_bottle_bottom5,infusion_bottle_bottom5/train/good/027.png
infusion_bottle_bottom5_028,infusion_bottle_bottom5,infusion_bottle_bottom5/train/good/028.png
infusion_bottle_bottom5_029,infusion_bottle_bottom5,infusion_bottle_bottom5/train/good/029.png
infusion_bottle_bottom5_030,infusion_bottle_bottom5,infusion_bottle_bottom5/train/good/030.png
infusion_bottle_bottom5_031,infusion_bottle_bottom5,infusion_bottle_bottom5/train/good/031.png
infusion_bottle_bottom5_032,infusion_bottle_bottom5,infusion_bottle_bottom5/train/good/032.png
infusion_bottle_bottom5_033,infusion_bottle_bottom5,infusion_bottle_bottom5/train/good/033.png
infusion_bottle_bottom5_034,infusion_bottle_bottom5,infusion_bottle_bottom5/train/good/034.png
infusion_bottle_bottom5_035,infusion_bottle_bottom5,infusion_bottle_bottom5/train/good/035.png
infusion_bottle_bottom5_036,infusion_bottle_bottom5,infusion_bottle_bottom5/train/good/036.png
infusion_bottle_bottom5_037,infusion_bottle_bottom5,infusion_bottle_bottom5/train/good/037.png
infusion_bottle_bottom5_038,infusion_bottle_bottom5,infusion_bottle_bottom5/train/good/038.png
infusion_bottle_bottom5_039,infusion_bottle_bottom5,infusion_bottle_bottom5/train/good/039.png
infusion_bottle_bottom5_040,infusion_bottle_bottom5,infusion_bottle_bottom5/train/good/040.png
infusion_bottle_bottom5_041,infusion_bottle_bottom5,infusion_bottle_bottom5/train/good/041.png
infusion_bottle_bottom5_042,infusion_bottle_bottom5,infusion_bottle_bottom5/train/good/042.png
infusion_bottle_bottom5_043,infusion_bottle_bottom5,infusion_bottle_bottom5/train/good/043.png
infusion_bottle_bottom5_044,infusion_bottle_bottom5,infusion_bottle_bottom5/train/good/044.png
infusion_bottle_bottom5_045,infusion_bottle_bottom5,infusion_bottle_bottom5/train/good/045.png
infusion_bottle_bottom5_046,infusion_bottle_bottom5,infusion_bottle_bottom5/train/good/046.png
infusion_bottle_bottom5_047,infusion_bottle_bottom5,infusion_bottle_bottom5/train/good/047.png
infusion_bottle_bottom5_048,infusion_bottle_bottom5,infusion_bottle_bottom5/train/good/048.png
infusion_pipe_interface2_000,infusion_pipe_interface2,infusion_pipe_interface2/train/good/000.png
infusion_pipe_interface2_001,infusion_pipe_interface2,infusion_pipe_interface2/train/good/001.png
infusion_pipe_interface2_002,infusion_pipe_interface2,infusion_pipe_interface2/train/good/002.png
infusion_pipe_interface2_003,infusion_pipe_interface2,infusion_pipe_interface2/train/good/003.png
infusion_pipe_interface2_004,infusion_pipe_interface2,infusion_pipe_interface2/train/good/004.png
infusion_pipe_interface2_005,infusion_pipe_interface2,infusion_pipe_interface2/train/good/005.png
infusion_pipe_interface2_006,infusion_pipe_interface2,infusion_pipe_interface2/train/good/006.png
infusion_pipe_interface2_007,infusion_pipe_interface2,infusion_pipe_interface2/train/good/007.png
infusion_pipe_interface2_008,infusion_pipe_interface2,infusion_pipe_interface2/train/good/008.png
infusion_pipe_interface2_009,infusion_pipe_interface2,infusion_pipe_interface2/train/good/009.png
infusion_pipe_interface2_010,infusion_pipe_interface2,infusion_pipe_interface2/train/good/010.png
infusion_pipe_interface2_011,infusion_pipe_interface2,infusion_pipe_interface2/train/good/011.png
infusion_pipe_interface2_012,infusion_pipe_interface2,infusion_pipe_interface2/train/good/012.png
infusion_pipe_interface2_013,infusion_pipe_interface2,infusion_pipe_interface2/train/good/013.png
infusion_pipe_interface2_014,infusion_pipe_interface2,infusion_pipe_interface2/train/good/014.png
infusion_pipe_interface2_015,infusion_pipe_interface2,infusion_pipe_interface2/train/good/015.png
infusion_pipe_interface2_016,infusion_pipe_interface2,infusion_pipe_interface2/train/good/016.png
infusion_pipe_interface2_017,infusion_pipe_interface2,infusion_pipe_interface2/train/good/017.png
infusion_pipe_interface2_018,infusion_pipe_interface2,infusion_pipe_interface2/train/good/018.png
infusion_pipe_interface2_019,infusion_pipe_interface2,infusion_pipe_interface2/train/good/019.png
infusion_pipe_interface2_020,infusion_pipe_interface2,infusion_pipe_interface2/train/good/020.png
infusion_pipe_interface2_021,infusion_pipe_interface2,infusion_pipe_interface2/train/good/021.png
infusion_pipe_interface2_022,infusion_pipe_interface2,infusion_pipe_interface2/train/good/022.png
infusion_pipe_interface2_023,infusion_pipe_interface2,infusion_pipe_interface2/train/good/023.png
infusion_pipe_interface2_024,infusion_pipe_interface2,infusion_pipe_interface2/train/good/024.png
infusion_pipe_interface2_025,infusion_pipe_interface2,infusion_pipe_interface2/train/good/025.png
infusion_pipe_interface2_026,infusion_pipe_interface2,infusion_pipe_interface2/train/good/026.png
infusion_pipe_interface2_027,infusion_pipe_interface2,infusion_pipe_interface2/train/good/027.png
infusion_pipe_interface2_028,infusion_pipe_interface2,infusion_pipe_interface2/train/good/028.png
infusion_pipe_interface2_029,infusion_pipe_interface2,infusion_pipe_interface2/train/good/029.png
infusion_pipe_interface2_030,infusion_pipe_interface2,infusion_pipe_interface2/train/good/030.png
infusion_pipe_interface2_031,infusion_pipe_interface2,infusion_pipe_interface2/train/good/031.png
infusion_pipe_interface2_032,infusion_pipe_interface2,infusion_pipe_interface2/train/good/032.png
infusion_pipe_interface2_033,infusion_pipe_interface2,infusion_pipe_interface2/train/good/033.png
iron_lattice_000,iron_lattice,iron_lattice/train/good/000.png
iron_lattice_001,iron_lattice,iron_lattice/train/good/001.png
iron_lattice_002,iron_lattice,iron_lattice/train/good/002.png
iron_lattice_003,iron_lattice,iron_lattice/train/good/003.png
iron_lattice_004,iron_lattice,iron_lattice/train/good/004.png
iron_lattice_005,iron_lattice,iron_lattice/train/good/005.png
iron_lattice_006,iron_lattice,iron_lattice/train/good/006.png
iron_lattice_007,iron_lattice,iron_lattice/train/good/007.png
iron_lattice_008,iron_lattice,iron_lattice/train/good/008.png
iron_lattice_009,iron_lattice,iron_lattice/train/good/009.png
iron_lattice_010,iron_lattice,iron_lattice/train/good/010.png
iron_lattice_011,iron_lattice,iron_lattice/train/good/011.png
iron_lattice_012,iron_lattice,iron_lattice/train/good/012.png
iron_lattice_013,iron_lattice,iron_lattice/train/good/013.png
iron_lattice_014,iron_lattice,iron_lattice/train/good/014.png
iron_lattice_015,iron_lattice,iron_lattice/train/good/015.png
iron_lattice_016,iron_lattice,iron_lattice/train/good/016.png
iron_lattice_017,iron_lattice,iron_lattice/train/good/017.png
iron_lattice_018,iron_lattice,iron_lattice/train/good/018.png
iron_lattice_019,iron_lattice,iron_lattice/train/good/019.png
iron_lattice_020,iron_lattice,iron_lattice/train/good/020.png
iron_lattice_021,iron_lattice,iron_lattice/train/good/021.png
iron_lattice_022,iron_lattice,iron_lattice/train/good/022.png
iron_lattice_023,iron_lattice,iron_lattice/train/good/023.png
iron_lattice_024,iron_lattice,iron_lattice/train/good/024.png
iron_lattice_025,iron_lattice,iron_lattice/train/good/025.png
iron_lattice_026,iron_lattice,iron_lattice/train/good/026.png
iron_lattice_027,iron_lattice,iron_lattice/train/good/027.png
iron_lattice_028,iron_lattice,iron_lattice/train/good/028.png
iron_lattice_029,iron_lattice,iron_lattice/train/good/029.png
iron_lattice_030,iron_lattice,iron_lattice/train/good/030.png
iron_lattice_031,iron_lattice,iron_lattice/train/good/031.png
iron_lattice_032,iron_lattice,iron_lattice/train/good/032.png
iron_lattice_033,iron_lattice,iron_lattice/train/good/033.png
iron_lattice_034,iron_lattice,iron_lattice/train/good/034.png
iron_lattice_035,iron_lattice,iron_lattice/train/good/035.png
iron_lattice_036,iron_lattice,iron_lattice/train/good/036.png
iron_lattice_037,iron_lattice,iron_lattice/train/good/037.png
iron_lattice_038,iron_lattice,iron_lattice/train/good/038.png
iron_lattice_039,iron_lattice,iron_lattice/train/good/039.png
iron_lattice_040,iron_lattice,iron_lattice/train/good/040.png
iron_lattice_041,iron_lattice,iron_lattice/train/good/041.png
iron_lattice_042,iron_lattice,iron_lattice/train/good/042.png
iron_lattice_043,iron_lattice,iron_lattice/train/good/043.png
iron_lattice_044,iron_lattice,iron_lattice/train/good/044.png
led_000,led,led/train/good/000.png
led_001,led,led/train/good/001.png
led_002,led,led/train/good/002.png
led_003,led,led/train/good/003.png
led_004,led,led/train/good/004.png
led_005,led,led/train/good/005.png
led_006,led,led/train/good/006.png
led_007,led,led/train/good/007.png
led_008,led,led/train/good/008.png
led_009,led,led/train/good/009.png
led_010,led,led/train/good/010.png
led_011,led,led/train/good/011.png
led_012,led,led/train/good/012.png
led_013,led,led/train/good/013.png
led_014,led,led/train/good/014.png
led_015,led,led/train/good/015.png
led_016,led,led/train/good/016.png
led_017,led,led/train/good/017.png
led_018,led,led/train/good/018.png
led_019,led,led/train/good/019.png
led_020,led,led/train/good/020.png
led_021,led,led/train/good/021.png
led_022,led,led/train/good/022.png
led_023,led,led/train/good/023.png
led_024,led,led/train/good/024.png
led_025,led,led/train/good/025.png
led_026,led,led/train/good/026.png
led_027,led,led/train/good/027.png
led_028,led,led/train/good/028.png
led_029,led,led/train/good/029.png
led_030,led,led/train/good/030.png
led_031,led,led/train/good/031.png
led_032,led,led/train/good/032.png
led_033,led,led/train/good/033.png
led_034,led,led/train/good/034.png
led_035,led,led/train/good/035.png
led_036,led,led/train/good/036.png
led_037,led,led/train/good/037.png
led_038,led,led/train/good/038.png
led_039,led,led/train/good/039.png
led_040,led,led/train/good/040.png
led_041,led,led/train/good/041.png
led_042,led,led/train/good/042.png
led_043,led,led/train/good/043.png
led_044,led,led/train/good/044.png
led_045,led,led/train/good/045.png
led_046,led,led/train/good/046.png
led_047,led,led/train/good/047.png
led_048,led,led/train/good/048.png
led_049,led,led/train/good/049.png
led_050,led,led/train/good/050.png
led_051,led,led/train/good/051.png
led_052,led,led/train/good/052.png
lunch_box_lid_000,lunch_box_lid,lunch_box_lid/train/good/000.png
lunch_box_lid_001,lunch_box_lid,lunch_box_lid/train/good/001.png
lunch_box_lid_002,lunch_box_lid,lunch_box_lid/train/good/002.png
lunch_box_lid_003,lunch_box_lid,lunch_box_lid/train/good/003.png
lunch_box_lid_004,lunch_box_lid,lunch_box_lid/train/good/004.png
lunch_box_lid_005,lunch_box_lid,lunch_box_lid/train/good/005.png
lunch_box_lid_006,lunch_box_lid,lunch_box_lid/train/good/006.png
lunch_box_lid_007,lunch_box_lid,lunch_box_lid/train/good/007.png
lunch_box_lid_008,lunch_box_lid,lunch_box_lid/train/good/008.png
lunch_box_lid_009,lunch_box_lid,lunch_box_lid/train/good/009.png
lunch_box_lid_010,lunch_box_lid,lunch_box_lid/train/good/010.png
lunch_box_lid_011,lunch_box_lid,lunch_box_lid/train/good/011.png
nameplate7_000,nameplate7,nameplate7/train/good/000.png
nameplate7_001,nameplate7,nameplate7/train/good/001.png
nameplate7_002,nameplate7,nameplate7/train/good/002.png
nameplate7_003,nameplate7,nameplate7/train/good/003.png
nameplate7_004,nameplate7,nameplate7/train/good/004.png
nameplate7_005,nameplate7,nameplate7/train/good/005.png
remote_control_000,remote_control,remote_control/train/good/000.png
remote_control_001,remote_control,remote_control/train/good/001.png
remote_control_002,remote_control,remote_control/train/good/002.png
remote_control_003,remote_control,remote_control/train/good/003.png
remote_control_004,remote_control,remote_control/train/good/004.png
remote_control_005,remote_control,remote_control/train/good/005.png
remote_control_006,remote_control,remote_control/train/good/006.png
remote_control_007,remote_control,remote_control/train/good/007.png
remote_control_008,remote_control,remote_control/train/good/008.png
remote_control_009,remote_control,remote_control/train/good/009.png
remote_control_010,remote_control,remote_control/train/good/010.png
remote_control_011,remote_control,remote_control/train/good/011.png
remote_control_012,remote_control,remote_control/train/good/012.png
remote_control_013,remote_control,remote_control/train/good/013.png
remote_control_014,remote_control,remote_control/train/good/014.png
remote_control_015,remote_control,remote_control/train/good/015.png
remote_control_016,remote_control,remote_control/train/good/016.png
remote_control_017,remote_control,remote_control/train/good/017.png
remote_control_018,remote_control,remote_control/train/good/018.png
remote_control_019,remote_control,remote_control/train/good/019.png
remote_control_020,remote_control,remote_control/train/good/020.png
remote_control_021,remote_control,remote_control/train/good/021.png
remote_control_022,remote_control,remote_control/train/good/022.png
remote_control_023,remote_control,remote_control/train/good/023.png
remote_control_024,remote_control,remote_control/train/good/024.png
remote_control_025,remote_control,remote_control/train/good/025.png
remote_control_026,remote_control,remote_control/train/good/026.png
remote_control_027,remote_control,remote_control/train/good/027.png
remote_control_028,remote_control,remote_control/train/good/028.png
remote_control_029,remote_control,remote_control/train/good/029.png
remote_control_030,remote_control,remote_control/train/good/030.png
remote_control_031,remote_control,remote_control/train/good/031.png
remote_control_032,remote_control,remote_control/train/good/032.png
remote_control_033,remote_control,remote_control/train/good/033.png
remote_control_034,remote_control,remote_control/train/good/034.png
remote_control_035,remote_control,remote_control/train/good/035.png
remote_control_036,remote_control,remote_control/train/good/036.png
remote_control_037,remote_control,remote_control/train/good/037.png
remote_control_038,remote_control,remote_control/train/good/038.png
remote_control_039,remote_control,remote_control/train/good/039.png
remote_control_040,remote_control,remote_control/train/good/040.png
remote_control_041,remote_control,remote_control/train/good/041.png
remote_control_042,remote_control,remote_control/train/good/042.png
remote_control_043,remote_control,remote_control/train/good/043.png
remote_control_044,remote_control,remote_control/train/good/044.png
remote_control_045,remote_control,remote_control/train/good/045.png
remote_control_046,remote_control,remote_control/train/good/046.png
remote_control_047,remote_control,remote_control/train/good/047.png
remote_control_048,remote_control,remote_control/train/good/048.png
remote_control_049,remote_control,remote_control/train/good/049.png
remote_control_050,remote_control,remote_control/train/good/050.png
remote_control_051,remote_control,remote_control/train/good/051.png
remote_control_052,remote_control,remote_control/train/good/052.png
remote_control_053,remote_control,remote_control/train/good/053.png
resistance13_000,resistance13,resistance13/train/good/000.png
resistance13_001,resistance13,resistance13/train/good/001.png
resistance13_002,resistance13,resistance13/train/good/002.png
resistance13_003,resistance13,resistance13/train/good/003.png
resistance13_004,resistance13,resistance13/train/good/004.png
resistance13_005,resistance13,resistance13/train/good/005.png
resistance13_006,resistance13,resistance13/train/good/006.png
resistance13_007,resistance13,resistance13/train/good/007.png
resistance13_008,resistance13,resistance13/train/good/008.png
resistance13_009,resistance13,resistance13/train/good/009.png
resistance13_010,resistance13,resistance13/train/good/010.png
resistance13_011,resistance13,resistance13/train/good/011.png
resistance13_012,resistance13,resistance13/train/good/012.png
resistance13_013,resistance13,resistance13/train/good/013.png
resistance13_014,resistance13,resistance13/train/good/014.png
resistance13_015,resistance13,resistance13/train/good/015.png
resistance13_016,resistance13,resistance13/train/good/016.png
resistance13_017,resistance13,resistance13/train/good/017.png
resistance13_018,resistance13,resistance13/train/good/018.png
resistance13_019,resistance13,resistance13/train/good/019.png
resistance13_020,resistance13,resistance13/train/good/020.png
resistance13_021,resistance13,resistance13/train/good/021.png
resistance13_022,resistance13,resistance13/train/good/022.png
screw_thread_000,screw_thread,screw_thread/train/good/000.png
screw_thread_001,screw_thread,screw_thread/train/good/001.png
screw_thread_002,screw_thread,screw_thread/train/good/002.png
screw_thread_003,screw_thread,screw_thread/train/good/003.png
screw_thread_004,screw_thread,screw_thread/train/good/004.png
screw_thread_005,screw_thread,screw_thread/train/good/005.png
screw_thread_006,screw_thread,screw_thread/train/good/006.png
screw_thread_007,screw_thread,screw_thread/train/good/007.png
screw_thread_008,screw_thread,screw_thread/train/good/008.png
screw_thread_009,screw_thread,screw_thread/train/good/009.png
screw_thread_010,screw_thread,screw_thread/train/good/010.png
screw_thread_011,screw_thread,screw_thread/train/good/011.png
screw_thread_012,screw_thread,screw_thread/train/good/012.png
screw_thread_013,screw_thread,screw_thread/train/good/013.png
screw_thread_014,screw_thread,screw_thread/train/good/014.png
screw_thread_015,screw_thread,screw_thread/train/good/015.png
screw_thread_016,screw_thread,screw_thread/train/good/016.png
screw_thread_017,screw_thread,screw_thread/train/good/017.png
screw_thread_018,screw_thread,screw_thread/train/good/018.png
screw_thread_019,screw_thread,screw_thread/train/good/019.png
screw_thread_020,screw_thread,screw_thread/train/good/020.png
screw_thread_021,screw_thread,screw_thread/train/good/021.png
screw_thread_022,screw_thread,screw_thread/train/good/022.png
silicon_piece1_000,silicon_piece1,silicon_piece1/train/good/000.png
silicon_piece1_001,silicon_piece1,silicon_piece1/train/good/001.png
silicon_piece1_002,silicon_piece1,silicon_piece1/train/good/002.png
silicon_piece1_003,silicon_piece1,silicon_piece1/train/good/003.png
silicon_piece1_004,silicon_piece1,silicon_piece1/train/good/004.png
silicon_piece1_005,silicon_piece1,silicon_piece1/train/good/005.png
silicon_piece1_006,silicon_piece1,silicon_piece1/train/good/006.png
silicon_piece1_007,silicon_piece1,silicon_piece1/train/good/007.png
silicon_piece1_008,silicon_piece1,silicon_piece1/train/good/008.png
silicon_piece1_009,silicon_piece1,silicon_piece1/train/good/009.png
silicon_piece1_010,silicon_piece1,silicon_piece1/train/good/010.png
silicon_piece1_011,silicon_piece1,silicon_piece1/train/good/011.png
silicon_piece1_012,silicon_piece1,silicon_piece1/train/good/012.png
silicon_piece1_013,silicon_piece1,silicon_piece1/train/good/013.png
silicon_piece1_014,silicon_piece1,silicon_piece1/train/good/014.png
silicon_piece1_015,silicon_piece1,silicon_piece1/train/good/015.png
silicon_piece1_016,silicon_piece1,silicon_piece1/train/good/016.png
silicon_piece1_017,silicon_piece1,silicon_piece1/train/good/017.png
silicon_piece1_018,silicon_piece1,silicon_piece1/train/good/018.png
silicon_piece1_019,silicon_piece1,silicon_piece1/train/good/019.png
silicon_piece1_020,silicon_piece1,silicon_piece1/train/good/020.png
silicon_piece1_021,silicon_piece1,silicon_piece1/train/good/021.png
silicon_piece1_022,silicon_piece1,silicon_piece1/train/good/022.png
silicon_piece1_023,silicon_piece1,silicon_piece1/train/good/023.png
silicon_piece1_024,silicon_piece1,silicon_piece1/train/good/024.png
silicon_piece1_025,silicon_piece1,silicon_piece1/train/good/025.png
silicon_piece1_026,silicon_piece1,silicon_piece1/train/good/026.png
silicon_piece1_027,silicon_piece1,silicon_piece1/train/good/027.png
silicon_piece1_028,silicon_piece1,silicon_piece1/train/good/028.png
silicon_piece1_029,silicon_piece1,silicon_piece1/train/good/029.png
silicon_piece1_030,silicon_piece1,silicon_piece1/train/good/030.png
silicon_piece1_031,silicon_piece1,silicon_piece1/train/good/031.png
silicon_piece1_032,silicon_piece1,silicon_piece1/train/good/032.png
silicon_piece1_033,silicon_piece1,silicon_piece1/train/good/033.png
silicon_piece1_034,silicon_piece1,silicon_piece1/train/good/034.png
silicon_piece1_035,silicon_piece1,silicon_piece1/train/good/035.png
silicon_piece1_036,silicon_piece1,silicon_piece1/train/good/036.png
silicon_piece1_037,silicon_piece1,silicon_piece1/train/good/037.png
silicon_piece1_038,silicon_piece1,silicon_piece1/train/good/038.png
silicon_piece1_039,silicon_piece1,silicon_piece1/train/good/039.png
silicon_piece1_040,silicon_piece1,silicon_piece1/train/good/040.png
silicon_piece1_041,silicon_piece1,silicon_piece1/train/good/041.png
silicon_piece1_042,silicon_piece1,silicon_piece1/train/good/042.png
silicon_piece1_043,silicon_piece1,silicon_piece1/train/good/043.png
solar_panel_000,solar_panel,solar_panel/train/good/000.png
solar_panel_001,solar_panel,solar_panel/train/good/001.png
solar_panel_002,solar_panel,solar_panel/train/good/002.png
solar_panel_003,solar_panel,solar_panel/train/good/003.png
solar_panel_004,solar_panel,solar_panel/train/good/004.png
solar_panel_005,solar_panel,solar_panel/train/good/005.png
solar_panel_006,solar_panel,solar_panel/train/good/006.png
solar_panel_007,solar_panel,solar_panel/train/good/007.png
solar_panel_008,solar_panel,solar_panel/train/good/008.png
solar_panel_009,solar_panel,solar_panel/train/good/009.png
solar_panel_010,solar_panel,solar_panel/train/good/010.png
solar_panel_011,solar_panel,solar_panel/train/good/011.png
solar_panel_012,solar_panel,solar_panel/train/good/012.png
solar_panel_013,solar_panel,solar_panel/train/good/013.png
solar_panel_014,solar_panel,solar_panel/train/good/014.png
solar_panel_015,solar_panel,solar_panel/train/good/015.png
solar_panel_016,solar_panel,solar_panel/train/good/016.png
solar_panel_017,solar_panel,solar_panel/train/good/017.png
solar_panel_018,solar_panel,solar_panel/train/good/018.png
solar_panel_019,solar_panel,solar_panel/train/good/019.png
solar_panel_020,solar_panel,solar_panel/train/good/020.png
solar_panel_021,solar_panel,solar_panel/train/good/021.png
solar_panel_022,solar_panel,solar_panel/train/good/022.png
solar_panel_023,solar_panel,solar_panel/train/good/023.png
solar_panel_024,solar_panel,solar_panel/train/good/024.png
solar_panel_025,solar_panel,solar_panel/train/good/025.png
solar_panel_026,solar_panel,solar_panel/train/good/026.png
solar_panel_027,solar_panel,solar_panel/train/good/027.png
solar_panel_028,solar_panel,solar_panel/train/good/028.png
solar_panel_029,solar_panel,solar_panel/train/good/029.png
spindle_top_000,spindle_top,spindle_top/train/good/000.png
spindle_top_001,spindle_top,spindle_top/train/good/001.png
spindle_top_002,spindle_top,spindle_top/train/good/002.png
spindle_top_003,spindle_top,spindle_top/train/good/003.png
spindle_top_004,spindle_top,spindle_top/train/good/004.png
spindle_top_005,spindle_top,spindle_top/train/good/005.png
spindle_top_006,spindle_top,spindle_top/train/good/006.png
spindle_top_007,spindle_top,spindle_top/train/good/007.png
spindle_top_008,spindle_top,spindle_top/train/good/008.png
spindle_top_009,spindle_top,spindle_top/train/good/009.png
spindle_top_010,spindle_top,spindle_top/train/good/010.png
spindle_top_011,spindle_top,spindle_top/train/good/011.png
spindle_top_012,spindle_top,spindle_top/train/good/012.png
spindle_top_013,spindle_top,spindle_top/train/good/013.png
spindle_top_014,spindle_top,spindle_top/train/good/014.png
spindle_top_015,spindle_top,spindle_top/train/good/015.png
spindle_top_016,spindle_top,spindle_top/train/good/016.png
spindle_top_017,spindle_top,spindle_top/train/good/017.png
spindle_top_018,spindle_top,spindle_top/train/good/018.png
spindle_top_019,spindle_top,spindle_top/train/good/019.png
wafer2_000,wafer2,wafer2/train/good/000.png
wafer2_001,wafer2,wafer2/train/good/001.png
wafer2_002,wafer2,wafer2/train/good/002.png
wafer2_003,wafer2,wafer2/train/good/003.png
wafer2_004,wafer2,wafer2/train/good/004.png
wafer2_005,wafer2,wafer2/train/good/005.png
wafer2_006,wafer2,wafer2/train/good/006.png
wafer2_007,wafer2,wafer2/train/good/007.png
wafer2_008,wafer2,wafer2/train/good/008.png
wafer2_009,wafer2,wafer2/train/good/009.png
wafer2_010,wafer2,wafer2/train/good/010.png
wafer2_011,wafer2,wafer2/train/good/011.png
wafer2_012,wafer2,wafer2/train/good/012.png
wafer2_013,wafer2,wafer2/train/good/013.png
wafer2_014,wafer2,wafer2/train/good/014.png
wafer2_015,wafer2,wafer2/train/good/015.png
wafer2_016,wafer2,wafer2/train/good/016.png
wafer2_017,wafer2,wafer2/train/good/017.png
wafer2_018,wafer2,wafer2/train/good/018.png
wafer2_019,wafer2,wafer2/train/good/019.png
wafer2_020,wafer2,wafer2/train/good/020.png
wafer2_021,wafer2,wafer2/train/good/021.png
wafer2_022,wafer2,wafer2/train/good/022.png
webbing_000,webbing,webbing/train/good/000.png
webbing_001,webbing,webbing/train/good/001.png
webbing_002,webbing,webbing/train/good/002.png
webbing_003,webbing,webbing/train/good/003.png
webbing_004,webbing,webbing/train/good/004.png
webbing_005,webbing,webbing/train/good/005.png
webbing_006,webbing,webbing/train/good/006.png
webbing_007,webbing,webbing/train/good/007.png
webbing_008,webbing,webbing/train/good/008.png
webbing_009,webbing,webbing/train/good/009.png
webbing_010,webbing,webbing/train/good/010.png
webbing_011,webbing,webbing/train/good/011.png
webbing_012,webbing,webbing/train/good/012.png
webbing_013,webbing,webbing/train/good/013.png
webbing_014,webbing,webbing/train/good/014.png
webbing_015,webbing,webbing/train/good/015.png
webbing_016,webbing,webbing/train/good/016.png
webbing_017,webbing,webbing/train/good/017.png
webbing_018,webbing,webbing/train/good/018.png
work_piece12_000,work_piece12,work_piece12/train/good/000.png
work_piece12_001,work_piece12,work_piece12/train/good/001.png
work_piece12_002,work_piece12,work_piece12/train/good/002.png
work_piece12_003,work_piece12,work_piece12/train/good/003.png
work_piece12_004,work_piece12,work_piece12/train/good/004.png
work_piece12_005,work_piece12,work_piece12/train/good/005.png
work_piece12_006,work_piece12,work_piece12/train/good/006.png
work_piece12_007,work_piece12,work_piece12/train/good/007.png
work_piece12_008,work_piece12,work_piece12/train/good/008.png
work_piece12_009,work_piece12,work_piece12/train/good/009.png
work_piece12_010,work_piece12,work_piece12/train/good/010.png
work_piece12_011,work_piece12,work_piece12/train/good/011.png
work_piece12_012,work_piece12,work_piece12/train/good/012.png
work_piece12_013,work_piece12,work_piece12/train/good/013.png
work_piece12_014,work_piece12,work_piece12/train/good/014.png
work_piece12_015,work_piece12,work_piece12/train/good/015.png
work_piece12_016,work_piece12,work_piece12/train/good/016.png
work_piece12_017,work_piece12,work_piece12/train/good/017.png
work_piece12_018,work_piece12,work_piece12/train/good/018.png
work_piece12_019,work_piece12,work_piece12/train/good/019.png
work_piece12_020,work_piece12,work_piece12/train/good/020.png
work_piece12_021,work_piece12,work_piece12/train/good/021.png
work_piece12_022,work_piece12,work_piece12/train/good/022.png
work_piece12_023,work_piece12,work_piece12/train/good/023.png
work_piece12_024,work_piece12,work_piece12/train/good/024.png
work_piece12_025,work_piece12,work_piece12/train/good/025.png
work_piece12_026,work_piece12,work_piece12/train/good/026.png
work_piece12_027,work_piece12,work_piece12/train/good/027.png
work_piece12_028,work_piece12,work_piece12/train/good/028.png
work_piece12_029,work_piece12,work_piece12/train/good/029.png
work_piece12_030,work_piece12,work_piece12/train/good/030.png
work_piece12_031,work_piece12,work_piece12/train/good/031.png
work_piece12_032,work_piece12,work_piece12/train/good/032.png
work_piece12_033,work_piece12,work_piece12/train/good/033.png
work_piece12_034,work_piece12,work_piece12/train/good/034.png
work_piece14_000,work_piece14,work_piece14/train/good/000.png
work_piece14_001,work_piece14,work_piece14/train/good/001.png
work_piece14_002,work_piece14,work_piece14/train/good/002.png
work_piece14_003,work_piece14,work_piece14/train/good/003.png
work_piece14_004,work_piece14,work_piece14/train/good/004.png
work_piece14_005,work_piece14,work_piece14/train/good/005.png
work_piece14_006,work_piece14,work_piece14/train/good/006.png
work_piece14_007,work_piece14,work_piece14/train/good/007.png
work_piece14_008,work_piece14,work_piece14/train/good/008.png
work_piece14_009,work_piece14,work_piece14/train/good/009.png
work_piece14_010,work_piece14,work_piece14/train/good/010.png
work_piece14_011,work_piece14,work_piece14/train/good/011.png
work_piece14_012,work_piece14,work_piece14/train/good/012.png
work_piece14_013,work_piece14,work_piece14/train/good/013.png
work_piece14_014,work_piece14,work_piece14/train/good/014.png
work_piece14_015,work_piece14,work_piece14/train/good/015.png
work_piece14_016,work_piece14,work_piece14/train/good/016.png
work_piece14_017,work_piece14,work_piece14/train/good/017.png
work_piece14_018,work_piece14,work_piece14/train/good/018.png
work_piece14_019,work_piece14,work_piece14/train/good/019.png
work_piece14_020,work_piece14,work_piece14/train/good/020.png
work_piece14_021,work_piece14,work_piece14/train/good/021.png
work_piece14_022,work_piece14,work_piece14/train/good/022.png
work_piece14_023,work_piece14,work_piece14/train/good/023.png
work_piece14_024,work_piece14,work_piece14/train/good/024.png
work_piece14_025,work_piece14,work_piece14/train/good/025.png
work_piece14_026,work_piece14,work_piece14/train/good/026.png
work_piece14_027,work_piece14,work_piece14/train/good/027.png
work_piece14_028,work_piece14,work_piece14/train/good/028.png
work_piece14_029,work_piece14,work_piece14/train/good/029.png
work_piece14_030,work_piece14,work_piece14/train/good/030.png
work_piece14_031,work_piece14,work_piece14/train/good/031.png
work_piece14_032,work_piece14,work_piece14/train/good/032.png
work_piece14_033,work_piece14,work_piece14/train/good/033.png
work_piece14_034,work_piece14,work_piece14/train/good/034.png
work_piece14_035,work_piece14,work_piece14/train/good/035.png
work_piece14_036,work_piece14,work_piece14/train/good/036.png
work_piece14_037,work_piece14,work_piece14/train/good/037.png
work_piece14_038,work_piece14,work_piece14/train/good/038.png
work_piece14_039,work_piece14,work_piece14/train/good/039.png
work_piece14_040,work_piece14,work_piece14/train/good/040.png
work_piece14_041,work_piece14,work_piece14/train/good/041.png
work_piece14_042,work_piece14,work_piece14/train/good/042.png
work_piece14_043,work_piece14,work_piece14/train/good/043.png
work_piece14_044,work_piece14,work_piece14/train/good/044.png
work_piece14_045,work_piece14,work_piece14/train/good/045.png
work_piece14_046,work_piece14,work_piece14/train/good/046.png
work_piece14_047,work_piece14,work_piece14/train/good/047.png
work_piece14_048,work_piece14,work_piece14/train/good/048.png
work_piece14_049,work_piece14,work_piece14/train/good/049.png
work_piece14_050,work_piece14,work_piece14/train/good/050.png
work_piece14_051,work_piece14,work_piece14/train/good/051.png
work_piece14_052,work_piece14,work_piece14/train/good/052.png
work_piece14_053,work_piece14,work_piece14/train/good/053.png
work_piece14_054,work_piece14,work_piece14/train/good/054.png
work_piece14_055,work_piece14,work_piece14/train/good/055.png
work_piece14_056,work_piece14,work_piece14/train/good/056.png
work_piece14_057,work_piece14,work_piece14/train/good/057.png
work_piece14_058,work_piece14,work_piece14/train/good/058.png
work_piece14_059,work_piece14,work_piece14/train/good/059.png
work_piece14_060,work_piece14,work_piece14/train/good/060.png
work_piece14_061,work_piece14,work_piece14/train/good/061.png
work_piece14_062,work_piece14,work_piece14/train/good/062.png
work_piece14_063,work_piece14,work_piece14/train/good/063.png
work_piece14_064,work_piece14,work_piece14/train/good/064.png
work_piece14_065,work_piece14,work_piece14/train/good/065.png
work_piece14_066,work_piece14,work_piece14/train/good/066.png
work_piece14_067,work_piece14,work_piece14/train/good/067.png
work_piece14_068,work_piece14,work_piece14/train/good/068.png
work_piece14_069,work_piece14,work_piece14/train/good/069.png
work_piece14_070,work_piece14,work_piece14/train/good/070.png
work_piece14_071,work_piece14,work_piece14/train/good/071.png
work_piece14_072,work_piece14,work_piece14/train/good/072.png
work_piece14_073,work_piece14,work_piece14/train/good/073.png
work_piece14_074,work_piece14,work_piece14/train/good/074.png
work_piece14_075,work_piece14,work_piece14/train/good/075.png
work_piece14_076,work_piece14,work_piece14/train/good/076.png
work_piece14_077,work_piece14,work_piece14/train/good/077.png
work_piece14_078,work_piece14,work_piece14/train/good/078.png
work_piece14_079,work_piece14,work_piece14/train/good/079.png
work_piece14_080,work_piece14,work_piece14/train/good/080.png
work_piece14_081,work_piece14,work_piece14/train/good/081.png
work_piece14_082,work_piece14,work_piece14/train/good/082.png
work_piece14_083,work_piece14,work_piece14/train/good/083.png
work_piece14_084,work_piece14,work_piece14/train/good/084.png
work_piece14_085,work_piece14,work_piece14/train/good/085.png
work_piece14_086,work_piece14,work_piece14/train/good/086.png
work_piece14_087,work_piece14,work_piece14/train/good/087.png
work_piece14_088,work_piece14,work_piece14/train/good/088.png
work_piece14_089,work_piece14,work_piece14/train/good/089.png
work_piece14_090,work_piece14,work_piece14/train/good/090.png
work_piece14_091,work_piece14,work_piece14/train/good/091.png
work_piece14_092,work_piece14,work_piece14/train/good/092.png
work_piece14_093,work_piece14,work_piece14/train/good/093.png
work_piece14_094,work_piece14,work_piece14/train/good/094.png
work_piece14_095,work_piece14,work_piece14/train/good/095.png
work_piece14_096,work_piece14,work_piece14/train/good/096.png
work_piece14_097,work_piece14,work_piece14/train/good/097.png
work_piece14_098,work_piece14,work_piece14/train/good/098.png
work_piece14_099,work_piece14,work_piece14/train/good/099.png
work_piece14_100,work_piece14,work_piece14/train/good/100.png
work_piece14_101,work_piece14,work_piece14/train/good/101.png
work_piece14_102,work_piece14,work_piece14/train/good/102.png
work_piece14_103,work_piece14,work_piece14/train/good/103.png
work_piece14_104,work_piece14,work_piece14/train/good/104.png
work_piece14_105,work_piece14,work_piece14/train/good/105.png
work_piece14_106,work_piece14,work_piece14/train/good/106.png
work_piece14_107,work_piece14,work_piece14/train/good/107.png
work_piece14_108,work_piece14,work_piece14/train/good/108.png
work_piece14_109,work_piece14,work_piece14/train/good/109.png
work_piece14_110,work_piece14,work_piece14/train/good/110.png
work_piece14_111,work_piece14,work_piece14/train/good/111.png
work_piece14_112,work_piece14,work_piece14/train/good/112.png
work_piece14_113,work_piece14,work_piece14/train/good/113.png
work_piece14_114,work_piece14,work_piece14/train/good/114.png
work_piece14_115,work_piece14,work_piece14/train/good/115.png
work_piece14_116,work_piece14,work_piece14/train/good/116.png
work_piece14_117,work_piece14,work_piece14/train/good/117.png
work_piece14_118,work_piece14,work_piece14/train/good/118.png
work_piece14_119,work_piece14,work_piece14/train/good/119.png
work_piece14_120,work_piece14,work_piece14/train/good/120.png
work_piece14_121,work_piece14,work_piece14/train/good/121.png
work_piece14_122,work_piece14,work_piece14/train/good/122.png
work_piece14_123,work_piece14,work_piece14/train/good/123.png
work_piece7_000,work_piece7,work_piece7/train/good/000.png
work_piece7_001,work_piece7,work_piece7/train/good/001.png
work_piece7_002,work_piece7,work_piece7/train/good/002.png
work_piece7_003,work_piece7,work_piece7/train/good/003.png
work_piece7_004,work_piece7,work_piece7/train/good/004.png
work_piece7_005,work_piece7,work_piece7/train/good/005.png
work_piece7_006,work_piece7,work_piece7/train/good/006.png
work_piece7_007,work_piece7,work_piece7/train/good/007.png
work_piece7_008,work_piece7,work_piece7/train/good/008.png
work_piece7_009,work_piece7,work_piece7/train/good/009.png
work_piece7_010,work_piece7,work_piece7/train/good/010.png
work_piece7_011,work_piece7,work_piece7/train/good/011.png
work_piece7_012,work_piece7,work_piece7/train/good/012.png
work_piece7_013,work_piece7,work_piece7/train/good/013.png
work_piece7_014,work_piece7,work_piece7/train/good/014.png
work_piece7_015,work_piece7,work_piece7/train/good/015.png
work_piece7_016,work_piece7,work_piece7/train/good/016.png
work_piece7_017,work_piece7,work_piece7/train/good/017.png
work_piece7_018,work_piece7,work_piece7/train/good/018.png
work_piece7_019,work_piece7,work_piece7/train/good/019.png
work_piece7_020,work_piece7,work_piece7/train/good/020.png
work_piece7_021,work_piece7,work_piece7/train/good/021.png
work_piece7_022,work_piece7,work_piece7/train/good/022.png
work_piece7_023,work_piece7,work_piece7/train/good/023.png
work_piece7_024,work_piece7,work_piece7/train/good/024.png
work_piece7_025,work_piece7,work_piece7/train/good/025.png
work_piece7_026,work_piece7,work_piece7/train/good/026.png
work_piece7_027,work_piece7,work_piece7/train/good/027.png
work_piece7_028,work_piece7,work_piece7/train/good/028.png
work_piece7_029,work_piece7,work_piece7/train/good/029.png
work_piece7_030,work_piece7,work_piece7/train/good/030.png
work_piece7_031,work_piece7,work_piece7/train/good/031.png
work_piece7_032,work_piece7,work_piece7/train/good/032.png
work_piece7_033,work_piece7,work_piece7/train/good/033.png
work_piece7_034,work_piece7,work_piece7/train/good/034.png
work_piece7_035,work_piece7,work_piece7/train/good/035.png
work_piece7_036,work_piece7,work_piece7/train/good/036.png
work_piece7_037,work_piece7,work_piece7/train/good/037.png
work_piece7_038,work_piece7,work_piece7/train/good/038.png
work_piece7_039,work_piece7,work_piece7/train/good/039.png
work_piece7_040,work_piece7,work_piece7/train/good/040.png
work_piece7_041,work_piece7,work_piece7/train/good/041.png
work_piece7_042,work_piece7,work_piece7/train/good/042.png
work_piece7_043,work_piece7,work_piece7/train/good/043.png
work_piece7_044,work_piece7,work_piece7/train/good/044.png
work_piece7_045,work_piece7,work_piece7/train/good/045.png
work_piece7_046,work_piece7,work_piece7/train/good/046.png
work_piece7_047,work_piece7,work_piece7/train/good/047.png
work_piece7_048,work_piece7,work_piece7/train/good/048.png
work_piece7_049,work_piece7,work_piece7/train/good/049.png
work_piece7_050,work_piece7,work_piece7/train/good/050.png
work_piece7_051,work_piece7,work_piece7/train/good/051.png
work_piece7_052,work_piece7,work_piece7/train/good/052.png
work_piece7_053,work_piece7,work_piece7/train/good/053.png
work_piece7_054,work_piece7,work_piece7/train/good/054.png
work_piece7_055,work_piece7,work_piece7/train/good/055.png
work_piece7_056,work_piece7,work_piece7/train/good/056.png
work_piece7_057,work_piece7,work_piece7/train/good/057.png
work_piece7_058,work_piece7,work_piece7/train/good/058.png
work_piece7_059,work_piece7,work_piece7/train/good/059.png
work_piece7_060,work_piece7,work_piece7/train/good/060.png
work_piece7_061,work_piece7,work_piece7/train/good/061.png
work_piece7_062,work_piece7,work_piece7/train/good/062.png
work_piece7_063,work_piece7,work_piece7/train/good/063.png
work_piece7_064,work_piece7,work_piece7/train/good/064.png
work_piece7_065,work_piece7,work_piece7/train/good/065.png
work_piece7_066,work_piece7,work_piece7/train/good/066.png
work_piece7_067,work_piece7,work_piece7/train/good/067.png
work_piece7_068,work_piece7,work_piece7/train/good/068.png
work_piece7_069,work_piece7,work_piece7/train/good/069.png
work_piece7_070,work_piece7,work_piece7/train/good/070.png
work_piece7_071,work_piece7,work_piece7/train/good/071.png
work_piece7_072,work_piece7,work_piece7/train/good/072.png
work_piece7_073,work_piece7,work_piece7/train/good/073.png
work_piece7_074,work_piece7,work_piece7/train/good/074.png
work_piece7_075,work_piece7,work_piece7/train/good/075.png
work_piece7_076,work_piece7,work_piece7/train/good/076.png
work_piece7_077,work_piece7,work_piece7/train/good/077.png
work_piece7_078,work_piece7,work_piece7/train/good/078.png
work_piece7_079,work_piece7,work_piece7/train/good/079.png
work_piece7_080,work_piece7,work_piece7/train/good/080.png
work_piece7_081,work_piece7,work_piece7/train/good/081.png
work_piece7_082,work_piece7,work_piece7/train/good/082.png
work_piece7_083,work_piece7,work_piece7/train/good/083.png
work_piece7_084,work_piece7,work_piece7/train/good/084.png
work_piece7_085,work_piece7,work_piece7/train/good/085.png
work_piece7_086,work_piece7,work_piece7/train/good/086.png
work_piece7_087,work_piece7,work_piece7/train/good/087.png
work_piece7_088,work_piece7,work_piece7/train/good/088.png
work_piece7_089,work_piece7,work_piece7/train/good/089.png
work_piece7_090,work_piece7,work_piece7/train/good/090.png
work_piece7_091,work_piece7,work_piece7/train/good/091.png
work_piece7_092,work_piece7,work_piece7/train/good/092.png
work_piece7_093,work_piece7,work_piece7/train/good/093.png
work_piece7_094,work_piece7,work_piece7/train/good/094.png
work_piece7_095,work_piece7,work_piece7/train/good/095.png
work_piece7_096,work_piece7,work_piece7/train/good/096.png
work_piece7_097,work_piece7,work_piece7/train/good/097.png
work_piece7_098,work_piece7,work_piece7/train/good/098.png
work_piece7_099,work_piece7,work_piece7/train/good/099.png
work_piece7_100,work_piece7,work_piece7/train/good/100.png
work_piece7_101,work_piece7,work_piece7/train/good/101.png
work_piece7_102,work_piece7,work_piece7/train/good/102.png
work_piece7_103,work_piece7,work_piece7/train/good/103.png
work_piece7_104,work_piece7,work_piece7/train/good/104.png
work_piece7_105,work_piece7,work_piece7/train/good/105.png
work_piece7_106,work_piece7,work_piece7/train/good/106.png
work_piece7_107,work_piece7,work_piece7/train/good/107.png
work_piece7_108,work_piece7,work_piece7/train/good/108.png
work_piece7_109,work_piece7,work_piece7/train/good/109.png
work_piece7_110,work_piece7,work_piece7/train/good/110.png
work_piece7_111,work_piece7,work_piece7/train/good/111.png
work_piece7_112,work_piece7,work_piece7/train/good/112.png
work_piece7_113,work_piece7,work_piece7/train/good/113.png
work_piece7_114,work_piece7,work_piece7/train/good/114.png
work_piece7_115,work_piece7,work_piece7/train/good/115.png
work_piece7_116,work_piece7,work_piece7/train/good/116.png
work_piece7_117,work_piece7,work_piece7/train/good/117.png
work_piece7_118,work_piece7,work_piece7/train/good/118.png
work_piece7_119,work_piece7,work_piece7/train/good/119.png
work_piece7_120,work_piece7,work_piece7/train/good/120.png
work_piece7_121,work_piece7,work_piece7/train/good/121.png
work_piece7_122,work_piece7,work_piece7/train/good/122.png
work_piece7_123,work_piece7,work_piece7/train/good/123.png
work_piece7_124,work_piece7,work_piece7/train/good/124.png
work_piece7_125,work_piece7,work_piece7/train/good/125.png
work_piece7_126,work_piece7,work_piece7/train/good/126.png
work_piece7_127,work_piece7,work_piece7/train/good/127.png
work_piece7_128,work_piece7,work_piece7/train/good/128.png
work_piece7_129,work_piece7,work_piece7/train/good/129.png
work_piece7_130,work_piece7,work_piece7/train/good/130.png
work_piece7_131,work_piece7,work_piece7/train/good/131.png
work_piece7_132,work_piece7,work_piece7/train/good/132.png
work_piece7_133,work_piece7,work_piece7/train/good/133.png
work_piece7_134,work_piece7,work_piece7/train/good/134.png
work_piece7_135,work_piece7,work_piece7/train/good/135.png
work_piece7_136,work_piece7,work_piece7/train/good/136.png
work_piece7_137,work_piece7,work_piece7/train/good/137.png
work_piece7_138,work_piece7,work_piece7/train/good/138.png
work_piece7_139,work_piece7,work_piece7/train/good/139.png
work_piece7_140,work_piece7,work_piece7/train/good/140.png
work_piece7_141,work_piece7,work_piece7/train/good/141.png
work_piece7_142,work_piece7,work_piece7/train/good/142.png
work_piece7_143,work_piece7,work_piece7/train/good/143.png
work_piece7_144,work_piece7,work_piece7/train/good/144.png
work_piece7_145,work_piece7,work_piece7/train/good/145.png
work_piece7_146,work_piece7,work_piece7/train/good/146.png
work_piece7_147,work_piece7,work_piece7/train/good/147.png
work_piece7_148,work_piece7,work_piece7/train/good/148.png
work_piece7_149,work_piece7,work_piece7/train/good/149.png
work_piece7_150,work_piece7,work_piece7/train/good/150.png
work_piece7_151,work_piece7,work_piece7/train/good/151.png
work_piece7_152,work_piece7,work_piece7/train/good/152.png
work_piece7_153,work_piece7,work_piece7/train/good/153.png
work_piece7_154,work_piece7,work_piece7/train/good/154.png
work_piece7_155,work_piece7,work_piece7/train/good/155.png
work_piece7_156,work_piece7,work_piece7/train/good/156.png
work_piece7_157,work_piece7,work_piece7/train/good/157.png
work_piece7_158,work_piece7,work_piece7/train/good/158.png
work_piece7_159,work_piece7,work_piece7/train/good/159.png
work_piece7_160,work_piece7,work_piece7/train/good/160.png
work_piece7_161,work_piece7,work_piece7/train/good/161.png
work_piece7_162,work_piece7,work_piece7/train/good/162.png
work_piece7_163,work_piece7,work_piece7/train/good/163.png
work_piece7_164,work_piece7,work_piece7/train/good/164.png
work_piece7_165,work_piece7,work_piece7/train/good/165.png
work_piece7_166,work_piece7,work_piece7/train/good/166.png
work_piece7_167,work_piece7,work_piece7/train/good/167.png
work_piece7_168,work_piece7,work_piece7/train/good/168.png
work_piece7_169,work_piece7,work_piece7/train/good/169.png
work_piece7_170,work_piece7,work_piece7/train/good/170.png
work_piece7_171,work_piece7,work_piece7/train/good/171.png
work_piece7_172,work_piece7,work_piece7/train/good/172.png
work_piece7_173,work_piece7,work_piece7/train/good/173.png
work_piece7_174,work_piece7,work_piece7/train/good/174.png
work_piece7_175,work_piece7,work_piece7/train/good/175.png
work_piece7_176,work_piece7,work_piece7/train/good/176.png
work_piece7_177,work_piece7,work_piece7/train/good/177.png
work_piece7_178,work_piece7,work_piece7/train/good/178.png
work_piece7_179,work_piece7,work_piece7/train/good/179.png
work_piece7_180,work_piece7,work_piece7/train/good/180.png
work_piece7_181,work_piece7,work_piece7/train/good/181.png
work_piece7_182,work_piece7,work_piece7/train/good/182.png
work_piece7_183,work_piece7,work_piece7/train/good/183.png
work_piece7_184,work_piece7,work_piece7/train/good/184.png
work_piece7_185,work_piece7,work_piece7/train/good/185.png
work_piece7_186,work_piece7,work_piece7/train/good/186.png
work_piece7_187,work_piece7,work_piece7/train/good/187.png
work_piece7_188,work_piece7,work_piece7/train/good/188.png
work_piece7_189,work_piece7,work_piece7/train/good/189.png
work_piece7_190,work_piece7,work_piece7/train/good/190.png
work_piece7_191,work_piece7,work_piece7/train/good/191.png
work_piece7_192,work_piece7,work_piece7/train/good/192.png
work_piece7_193,work_piece7,work_piece7/train/good/193.png
work_piece7_194,work_piece7,work_piece7/train/good/194.png
work_piece7_195,work_piece7,work_piece7/train/good/195.png
work_piece7_196,work_piece7,work_piece7/train/good/196.png
work_piece7_197,work_piece7,work_piece7/train/good/197.png
work_piece7_198,work_piece7,work_piece7/train/good/198.png
work_piece7_199,work_piece7,work_piece7/train/good/199.png
work_piece7_200,work_piece7,work_piece7/train/good/200.png
work_piece7_201,work_piece7,work_piece7/train/good/201.png
work_piece7_202,work_piece7,work_piece7/train/good/202.png
work_piece7_203,work_piece7,work_piece7/train/good/203.png
work_piece7_204,work_piece7,work_piece7/train/good/204.png
work_piece7_205,work_piece7,work_piece7/train/good/205.png
work_piece7_206,work_piece7,work_piece7/train/good/206.png
work_piece7_207,work_piece7,work_piece7/train/good/207.png
work_piece7_208,work_piece7,work_piece7/train/good/208.png
work_piece7_209,work_piece7,work_piece7/train/good/209.png
work_piece7_210,work_piece7,work_piece7/train/good/210.png
work_piece7_211,work_piece7,work_piece7/train/good/211.png
work_piece7_212,work_piece7,work_piece7/train/good/212.png
work_piece7_213,work_piece7,work_piece7/train/good/213.png
work_piece7_214,work_piece7,work_piece7/train/good/214.png
work_piece7_215,work_piece7,work_piece7/train/good/215.png
work_piece7_216,work_piece7,work_piece7/train/good/216.png
work_piece7_217,work_piece7,work_piece7/train/good/217.png
work_piece7_218,work_piece7,work_piece7/train/good/218.png
work_piece7_219,work_piece7,work_piece7/train/good/219.png
work_piece7_220,work_piece7,work_piece7/train/good/220.png
work_piece7_221,work_piece7,work_piece7/train/good/221.png
work_piece7_222,work_piece7,work_piece7/train/good/222.png
work_piece7_223,work_piece7,work_piece7/train/good/223.png
work_piece7_224,work_piece7,work_piece7/train/good/224.png
work_piece7_225,work_piece7,work_piece7/train/good/225.png
work_piece7_226,work_piece7,work_piece7/train/good/226.png
work_piece7_227,work_piece7,work_piece7/train/good/227.png
work_piece7_228,work_piece7,work_piece7/train/good/228.png
work_piece7_229,work_piece7,work_piece7/train/good/229.png
work_piece7_230,work_piece7,work_piece7/train/good/230.png
work_piece7_231,work_piece7,work_piece7/train/good/231.png
work_piece7_232,work_piece7,work_piece7/train/good/232.png
work_piece7_233,work_piece7,work_piece7/train/good/233.png
work_piece7_234,work_piece7,work_piece7/train/good/234.png
work_piece7_235,work_piece7,work_piece7/train/good/235.png
work_piece7_236,work_piece7,work_piece7/train/good/236.png
work_piece7_237,work_piece7,work_piece7/train/good/237.png
work_piece7_238,work_piece7,work_piece7/train/good/238.png
work_piece7_239,work_piece7,work_piece7/train/good/239.png
work_piece7_240,work_piece7,work_piece7/train/good/240.png
work_piece7_241,work_piece7,work_piece7/train/good/241.png
work_piece7_242,work_piece7,work_piece7/train/good/242.png
work_piece7_243,work_piece7,work_piece7/train/good/243.png
work_piece7_244,work_piece7,work_piece7/train/good/244.png
work_piece7_245,work_piece7,work_piece7/train/good/245.png
work_piece7_246,work_piece7,work_piece7/train/good/246.png
work_piece7_247,work_piece7,work_piece7/train/good/247.png
work_piece7_248,work_piece7,work_piece7/train/good/248.png
work_piece7_249,work_piece7,work_piece7/train/good/249.png
work_piece7_250,work_piece7,work_piece7/train/good/250.png
work_piece7_251,work_piece7,work_piece7/train/good/251.png
work_piece7_252,work_piece7,work_piece7/train/good/252.png
work_piece7_253,work_piece7,work_piece7/train/good/253.png
work_piece7_254,work_piece7,work_piece7/train/good/254.png
work_piece7_255,work_piece7,work_piece7/train/good/255.png
work_piece7_256,work_piece7,work_piece7/train/good/256.png
work_piece7_257,work_piece7,work_piece7/train/good/257.png
work_piece7_258,work_piece7,work_piece7/train/good/258.png
work_piece7_259,work_piece7,work_piece7/train/good/259.png
work_piece7_260,work_piece7,work_piece7/train/good/260.png
work_piece7_261,work_piece7,work_piece7/train/good/261.png
work_piece7_262,work_piece7,work_piece7/train/good/262.png
work_piece7_263,work_piece7,work_piece7/train/good/263.png
work_piece7_264,work_piece7,work_piece7/train/good/264.png
work_piece7_265,work_piece7,work_piece7/train/good/265.png
work_piece7_266,work_piece7,work_piece7/train/good/266.png
work_piece7_267,work_piece7,work_piece7/train/good/267.png
work_piece7_268,work_piece7,work_piece7/train/good/268.png
work_piece7_269,work_piece7,work_piece7/train/good/269.png
work_piece7_270,work_piece7,work_piece7/train/good/270.png
work_piece7_271,work_piece7,work_piece7/train/good/271.png
work_piece7_272,work_piece7,work_piece7/train/good/272.png
work_piece7_273,work_piece7,work_piece7/train/good/273.png
work_piece7_274,work_piece7,work_piece7/train/good/274.png
work_piece7_275,work_piece7,work_piece7/train/good/275.png
work_piece7_276,work_piece7,work_piece7/train/good/276.png
work_piece7_277,work_piece7,work_piece7/train/good/277.png
work_piece7_278,work_piece7,work_piece7/train/good/278.png
work_piece7_279,work_piece7,work_piece7/train/good/279.png
work_piece7_280,work_piece7,work_piece7/train/good/280.png
work_piece7_281,work_piece7,work_piece7/train/good/281.png
work_piece7_282,work_piece7,work_piece7/train/good/282.png
work_piece7_283,work_piece7,work_piece7/train/good/283.png
work_piece7_284,work_piece7,work_piece7/train/good/284.png
work_piece7_285,work_piece7,work_piece7/train/good/285.png
work_piece7_286,work_piece7,work_piece7/train/good/286.png
work_piece7_287,work_piece7,work_piece7/train/good/287.png
work_piece7_288,work_piece7,work_piece7/train/good/288.png
work_piece7_289,work_piece7,work_piece7/train/good/289.png
work_piece7_290,work_piece7,work_piece7/train/good/290.png
work_piece7_291,work_piece7,work_piece7/train/good/291.png
work_piece7_292,work_piece7,work_piece7/train/good/292.png
